loan_id,amount,duration,payments,status,loan_age,frequency,num_clients,account_age,sex,age,num_salaries,average_salary,recent_balance,household_payments,insurrance_payments,sanction_payment_counter,old_age_pensions,month_balance,3_month_balance,6_month_balance,12_month_balance,code,name,region,population,munip<499,munip500-1999,munip2000-9999,munip>10000,cities,urbanization,unemployment96,entrepreneurs/1000,crimegrowth,unempgrowth,code_branch,name_branch,region_branch,population_branch,munip<499_branch,munip500-1999_branch,munip2000-9999_branch,munip>10000_branch,cities_branch,urbanization_branch,unemployment96_branch,entrepreneurs/1000_branch,crimegrowth_branch,unempgrowth_branch
5314,96396,12,8033,-1,3,0,1,3,0,49,2.0,9500.0,20100.0,0.0,0.0,0.0,0.0,11000.0,,,,30,0,0,94812,15,13,8,2,10,81.8,3.67,100,0.9393634840871021,1.0857988165680474,30,0,0,94812,15,13,8,2,10,81.8,3.67,100,0.9393634840871021,1.0857988165680474
6903,52128,24,2172,1,2,1,1,3,0,37,8.0,2438.25,58659.8,0.0,0.0,6.0,0.0,18958.9,33010.4,57970.3,,11,1,1,75637,35,36,9,0,7,36.5,0.59,154,1.0155395683453237,1.3111111111111111,30,0,0,94812,15,13,8,2,10,81.8,3.67,100,0.9393634840871021,1.0857988165680474
5316,165960,36,4610,1,3,1,1,3,1,28,4.0,12876.500000000002,52208.9,2.0,3.0,0.0,0.0,31481.0,89045.8,,,46,2,2,112709,48,20,7,3,10,73.5,2.31,117,0.9173090399439383,1.2905027932960893,46,1,1,112709,48,20,7,3,10,73.5,2.31,117,0.9173090399439383,1.2905027932960893
6456,47016,12,3918,1,3,2,1,3,0,39,7.0,4648.6285714285705,58773.2,4.0,0.0,0.0,0.0,101285.4,62474.5,23941.9,,46,2,2,112709,48,20,7,3,10,73.5,2.31,117,0.9173090399439383,1.2905027932960893,64,2,2,197099,29,41,10,2,10,74.7,2.31,145,0.9511596788581623,1.4437499999999999
6509,55368,24,2307,1,2,1,1,3,0,57,11.0,-1303.5999999999992,12414.4,0.0,0.0,0.0,0.0,24133.7,87037.8,69576.5,,64,3,3,197099,29,41,10,2,10,74.7,2.31,145,0.9511596788581623,1.4437499999999999,64,2,2,197099,29,41,10,2,10,74.7,2.31,145,0.9511596788581623,1.4437499999999999
6808,227880,36,6330,1,2,1,2,3,0,41,12.0,1610.216666666666,53716.6,0.0,0.0,0.0,0.0,41837.4,19205.9,20542.7,1100.0,64,3,3,197099,29,41,10,2,10,74.7,2.31,145,0.9511596788581623,1.4437499999999999,64,2,2,197099,29,41,10,2,10,74.7,2.31,145,0.9511596788581623,1.4437499999999999
6745,47304,24,1971,1,1,1,1,3,1,25,16.0,815.0250000000001,62458.3,14.0,0.0,0.0,0.0,87026.9,47089.0,91901.5,52827.7,64,3,3,197099,29,41,10,2,10,74.7,2.31,145,0.9511596788581623,1.4437499999999999,64,2,2,197099,29,41,10,2,10,74.7,2.31,145,0.9511596788581623,1.4437499999999999
6764,33984,48,708,1,1,1,1,2,1,24,11.0,2763.7636363636366,44465.4,0.0,0.0,0.0,0.0,50798.2,54277.5,43090.9,,64,3,3,197099,29,41,10,2,10,74.7,2.31,145,0.9511596788581623,1.4437499999999999,64,2,2,197099,29,41,10,2,10,74.7,2.31,145,0.9511596788581623,1.4437499999999999
6933,188688,48,3931,1,1,1,1,1,0,31,5.0,4635.9400000000005,23579.7,1.0,0.0,0.0,0.0,44631.5,35610.7,,,64,3,3,197099,29,41,10,2,10,74.7,2.31,145,0.9511596788581623,1.4437499999999999,64,2,2,197099,29,41,10,2,10,74.7,2.31,145,0.9511596788581623,1.4437499999999999
5494,360000,48,7500,1,0,2,1,2,0,23,19.0,3377.115789473684,64765.2,0.0,0.0,6.0,0.0,79746.9,49549.1,43472.0,92535.3,64,3,3,197099,29,41,10,2,10,74.7,2.31,145,0.9511596788581623,1.4437499999999999,64,2,2,197099,29,41,10,2,10,74.7,2.31,145,0.9511596788581623,1.4437499999999999
5725,444864,48,9268,1,0,1,2,1,1,32,11.0,3722.1727272727276,41743.9,6.0,0.0,0.0,0.0,52157.9,30488.6,38283.1,,64,3,3,197099,29,41,10,2,10,74.7,2.31,145,0.9511596788581623,1.4437499999999999,64,2,2,197099,29,41,10,2,10,74.7,2.31,145,0.9511596788581623,1.4437499999999999
6283,85632,48,1784,1,0,1,1,1,0,47,16.0,7277.418750000001,117238.7,0.0,0.0,0.0,0.0,53181.9,59928.4,45906.2,55642.6,64,3,3,197099,29,41,10,2,10,74.7,2.31,145,0.9511596788581623,1.4437499999999999,64,2,2,197099,29,41,10,2,10,74.7,2.31,145,0.9511596788581623,1.4437499999999999
6995,96168,12,8014,1,0,0,1,1,0,24,20.0,150.4649999999994,3609.3,0.0,0.0,0.0,0.0,23184.8,44952.8,28678.9,41738.5,64,3,3,197099,29,41,10,2,10,74.7,2.31,145,0.9511596788581623,1.4437499999999999,64,2,2,197099,29,41,10,2,10,74.7,2.31,145,0.9511596788581623,1.4437499999999999
6585,372120,60,6202,1,0,1,2,1,1,51,21.0,1759.7809523809524,46580.5,0.0,0.0,0.0,0.0,60684.5,122824.9,122466.1,49255.7,64,3,3,197099,29,41,10,2,10,74.7,2.31,145,0.9511596788581623,1.4437499999999999,64,2,2,197099,29,41,10,2,10,74.7,2.31,145,0.9511596788581623,1.4437499999999999
6073,276300,60,4605,1,0,1,1,1,1,20,16.0,1692.38125,27578.1,11.0,0.0,0.0,0.0,31737.0,27231.2,28424.3,30495.4,64,3,3,197099,29,41,10,2,10,74.7,2.31,145,0.9511596788581623,1.4437499999999999,64,2,2,197099,29,41,10,2,10,74.7,2.31,145,0.9511596788581623,1.4437499999999999
7249,69360,48,1445,1,2,1,1,3,1,55,14.0,1836.4285714285713,38665.0,0.0,0.0,0.0,0.0,44745.5,38281.2,48063.9,43918.5,46,2,2,112709,48,20,7,3,10,73.5,2.31,117,0.9173090399439383,1.2905027932960893,11,3,3,75637,35,36,9,0,7,36.5,0.59,154,1.0155395683453237,1.3111111111111111
6678,80340,12,6695,1,2,1,2,3,0,20,10.0,8824.26,89342.6,0.0,0.0,0.0,0.0,46734.8,23455.0,100051.1,,1,4,4,1204953,0,0,0,1,1,100.0,0.43,167,1.15675152024464,1.4827586206896552,11,3,3,75637,35,36,9,0,7,36.5,0.59,154,1.0155395683453237,1.3111111111111111
6876,86616,12,7218,1,3,1,1,3,1,35,3.0,8182.366666666666,37253.1,0.0,0.0,0.0,0.0,38317.7,12706.0,,,11,1,1,75637,35,36,9,0,7,36.5,0.59,154,1.0155395683453237,1.3111111111111111,11,3,3,75637,35,36,9,0,7,36.5,0.59,154,1.0155395683453237,1.3111111111111111
5189,149040,48,3105,1,2,1,1,3,0,28,9.0,2092.6111111111113,19033.5,5.0,0.0,0.0,0.0,37087.5,24346.1,40904.8,,11,1,1,75637,35,36,9,0,7,36.5,0.59,154,1.0155395683453237,1.3111111111111111,11,3,3,75637,35,36,9,0,7,36.5,0.59,154,1.0155395683453237,1.3111111111111111
5549,50460,60,841,1,2,1,1,3,0,49,8.0,3180.75,41531.0,5.0,0.0,0.0,0.0,44537.1,42762.6,50138.2,,11,1,1,75637,35,36,9,0,7,36.5,0.59,154,1.0155395683453237,1.3111111111111111,11,3,3,75637,35,36,9,0,7,36.5,0.59,154,1.0155395683453237,1.3111111111111111
7176,260028,36,7223,1,1,1,1,3,1,20,22.0,3165.95,69850.9,18.0,0.0,0.0,0.0,75950.2,75522.9,47140.7,58655.9,11,1,1,75637,35,36,9,0,7,36.5,0.59,154,1.0155395683453237,1.3111111111111111,11,3,3,75637,35,36,9,0,7,36.5,0.59,154,1.0155395683453237,1.3111111111111111
5805,137904,24,5746,-1,1,1,1,1,1,28,3.0,7560.566666666666,35159.7,0.0,0.0,0.0,0.0,40259.0,12478.0,,,11,1,1,75637,35,36,9,0,7,36.5,0.59,154,1.0155395683453237,1.3111111111111111,11,3,3,75637,35,36,9,0,7,36.5,0.59,154,1.0155395683453237,1.3111111111111111
6996,126600,24,5275,1,1,1,1,3,1,57,22.0,38.57272727272721,48720.6,0.0,0.0,0.0,0.0,60182.7,57330.0,68046.5,61759.4,47,5,2,162580,83,26,5,1,6,72.8,1.81,111,0.8899490047705215,1.1986754966887418,11,3,3,75637,35,36,9,0,7,36.5,0.59,154,1.0155395683453237,1.3111111111111111
6863,127080,60,2118,1,3,1,1,3,1,60,5.0,3894.56,20272.8,1.0,1.0,0.0,0.0,34790.4,27619.5,,,45,6,2,77917,85,19,6,1,5,53.5,2.89,132,1.0201923076923076,1.2675438596491229,45,4,1,77917,85,19,6,1,5,53.5,2.89,132,1.0201923076923076,1.2675438596491229
6668,74736,36,2076,1,2,1,1,3,1,31,12.0,994.308333333333,33243.7,8.0,0.0,0.0,0.0,56071.9,47789.7,57386.6,21312.0,45,6,2,77917,85,19,6,1,5,53.5,2.89,132,1.0201923076923076,1.2675438596491229,45,4,1,77917,85,19,6,1,5,53.5,2.89,132,1.0201923076923076,1.2675438596491229
5160,204000,60,3400,1,1,1,1,2,1,52,11.0,2206.790909090909,45077.7,8.0,0.0,0.0,0.0,46347.3,49475.2,61087.8,,45,6,2,77917,85,19,6,1,5,53.5,2.89,132,1.0201923076923076,1.2675438596491229,45,4,1,77917,85,19,6,1,5,53.5,2.89,132,1.0201923076923076,1.2675438596491229
7192,115992,36,3222,1,2,0,1,3,1,59,20.0,473.475,9669.5,16.0,0.0,0.0,0.0,60705.4,11306.1,12992.6,25220.3,31,7,0,51313,34,12,3,1,4,59.2,4.2,108,1.0933734939759037,1.1931818181818181,45,4,1,77917,85,19,6,1,5,53.5,2.89,132,1.0201923076923076,1.2675438596491229
7138,60000,60,1000,1,1,1,1,3,1,50,21.0,433.9333333333333,16878.6,17.0,0.0,0.0,0.0,21493.3,22919.2,17033.9,27090.2,45,6,2,77917,85,19,6,1,5,53.5,2.89,132,1.0201923076923076,1.2675438596491229,72,5,4,226122,32,50,7,4,4,62.6,4.79,110,0.9520264681555005,1.2605263157894737
6072,193968,36,5388,1,2,2,1,3,1,24,6.0,13330.0,80780.0,0.0,0.0,0.0,0.0,50920.4,43335.3,800.0,,72,8,5,226122,32,50,7,4,4,62.6,4.79,110,0.9520264681555005,1.2605263157894737,72,5,4,226122,32,50,7,4,4,62.6,4.79,110,0.9520264681555005,1.2605263157894737
5145,309552,48,6449,1,1,1,1,1,1,61,7.0,1772.2000000000003,51799.4,4.0,0.0,0.0,0.0,60112.2,56822.2,69943.7,,72,8,5,226122,32,50,7,4,4,62.6,4.79,110,0.9520264681555005,1.2605263157894737,72,5,4,226122,32,50,7,4,4,62.6,4.79,110,0.9520264681555005,1.2605263157894737
7243,217152,36,6032,1,1,1,1,1,1,22,10.0,4187.93,42279.3,6.0,0.0,0.0,0.0,35225.6,37950.2,55488.3,,72,8,5,226122,32,50,7,4,4,62.6,4.79,110,0.9520264681555005,1.2605263157894737,72,5,4,226122,32,50,7,4,4,62.6,4.79,110,0.9520264681555005,1.2605263157894737
6540,309600,48,6450,1,1,0,1,1,1,21,11.0,3189.8272727272724,35488.1,0.0,0.0,0.0,0.0,50492.9,47879.8,50863.1,,72,8,5,226122,32,50,7,4,4,62.6,4.79,110,0.9520264681555005,1.2605263157894737,72,5,4,226122,32,50,7,4,4,62.6,4.79,110,0.9520264681555005,1.2605263157894737
5706,161496,36,4486,1,0,0,1,2,1,25,20.0,-86.625,29371.5,19.0,0.0,0.0,0.0,31993.1,17741.3,37033.9,17694.4,72,8,5,226122,32,50,7,4,4,62.6,4.79,110,0.9520264681555005,1.2605263157894737,72,5,4,226122,32,50,7,4,4,62.6,4.79,110,0.9520264681555005,1.2605263157894737
5136,187104,24,7796,1,0,1,1,0,0,19,4.0,33269.425,133377.7,0.0,0.0,0.0,0.0,50052.7,87857.5,,,72,8,5,226122,32,50,7,4,4,62.6,4.79,110,0.9520264681555005,1.2605263157894737,72,5,4,226122,32,50,7,4,4,62.6,4.79,110,0.9520264681555005,1.2605263157894737
6865,29448,12,2454,-1,0,1,1,0,1,49,3.0,6966.866666666666,43790.6,0.0,0.0,0.0,0.0,42775.3,22890.0,,,72,8,5,226122,32,50,7,4,4,62.6,4.79,110,0.9520264681555005,1.2605263157894737,72,5,4,226122,32,50,7,4,4,62.6,4.79,110,0.9520264681555005,1.2605263157894737
6818,155616,48,3242,1,0,1,2,1,0,25,22.0,1950.0954545454545,60694.1,18.0,0.0,0.0,0.0,60244.2,52081.3,70674.2,61170.1,72,8,5,226122,32,50,7,4,4,62.6,4.79,110,0.9520264681555005,1.2605263157894737,72,5,4,226122,32,50,7,4,4,62.6,4.79,110,0.9520264681555005,1.2605263157894737
5325,105804,36,2939,1,3,1,1,3,0,56,6.0,5548.783333333333,34292.7,2.0,0.0,0.0,0.0,39291.2,49462.7,1000.0,,14,9,6,177686,69,27,10,1,9,74.8,1.71,135,0.9532101756511204,1.204225352112676,12,6,3,107870,84,29,6,1,6,58.0,4.31,137,1.0168243953732914,1.1253263707571801
6316,76908,12,6409,-1,2,1,1,3,0,50,15.0,-412.62666666666723,14888.6,0.0,0.0,0.0,0.0,67926.7,73791.2,93467.5,74485.3,4,10,1,149893,63,29,6,2,6,67.4,5.05,109,1.1235697940503433,1.0883620689655173,12,6,3,107870,84,29,6,1,6,58.0,4.31,137,1.0168243953732914,1.1253263707571801
6004,143904,24,5996,1,2,1,1,3,1,45,16.0,-977.40625,38336.2,16.0,0.0,0.0,0.0,76760.5,17960.4,18012.1,31434.3,50,11,2,102609,75,33,2,3,6,52.0,5.45,94,1.0051813471502589,1.1283643892339545,12,6,3,107870,84,29,6,1,6,58.0,4.31,137,1.0168243953732914,1.1253263707571801
6461,74124,36,2059,1,0,0,1,1,0,57,17.0,1485.764705882353,25658.0,11.0,11.0,0.0,0.0,49076.4,31037.9,31315.7,29100.0,12,12,1,107870,84,29,6,1,6,58.0,4.31,137,1.0168243953732914,1.1253263707571801,12,6,3,107870,84,29,6,1,6,58.0,4.31,137,1.0168243953732914,1.1253263707571801
7271,392460,60,6541,1,0,1,2,2,0,16,22.0,-296.5863636363637,53245.1,18.0,0.0,0.0,0.0,45123.6,58022.4,32393.5,49870.7,12,12,1,107870,84,29,6,1,6,58.0,4.31,137,1.0168243953732914,1.1253263707571801,12,6,3,107870,84,29,6,1,6,58.0,4.31,137,1.0168243953732914,1.1253263707571801
7004,331560,60,5526,1,1,1,2,3,1,16,18.0,1383.7833333333335,47992.1,14.0,0.0,0.0,0.0,34732.7,54490.0,41564.0,49334.0,2,13,1,88884,80,26,6,2,5,46.7,1.85,132,1.23853635942566,1.1077844311377247,12,6,3,107870,84,29,6,1,6,58.0,4.31,137,1.0168243953732914,1.1253263707571801
5997,117024,24,4876,1,3,1,1,3,1,61,4.0,13098.375,53193.5,0.0,0.0,0.0,0.0,47730.2,28000.1,,,14,9,6,177686,69,27,10,1,9,74.8,1.71,135,0.9532101756511204,1.204225352112676,14,7,5,177686,69,27,10,1,9,74.8,1.71,135,0.9532101756511204,1.204225352112676
6734,173016,36,4806,1,0,0,1,1,0,51,10.0,11363.16,113931.6,0.0,0.0,0.0,0.0,69590.6,70489.2,37755.6,,14,9,6,177686,69,27,10,1,9,74.8,1.71,135,0.9532101756511204,1.204225352112676,14,7,5,177686,69,27,10,1,9,74.8,1.71,135,0.9532101756511204,1.204225352112676
5611,321180,60,5353,1,0,1,2,0,1,60,7.0,2726.6428571428573,51906.5,4.0,0.0,0.0,0.0,51840.3,89519.3,57657.7,,14,9,6,177686,69,27,10,1,9,74.8,1.71,135,0.9532101756511204,1.204225352112676,14,7,5,177686,69,27,10,1,9,74.8,1.71,135,0.9532101756511204,1.204225352112676
7101,421008,48,8771,1,0,1,1,0,1,43,9.0,1060.111111111111,31168.0,6.0,0.0,0.0,0.0,35615.0,33925.9,59725.9,,14,9,6,177686,69,27,10,1,9,74.8,1.71,135,0.9532101756511204,1.204225352112676,14,7,5,177686,69,27,10,1,9,74.8,1.71,135,0.9532101756511204,1.204225352112676
7240,274740,60,4579,1,3,0,1,3,1,18,6.0,6752.150000000001,41112.9,1.0,0.0,0.0,0.0,42171.1,59527.1,600.0,,63,14,3,86513,38,36,5,1,5,50.5,4.52,110,0.9346991037131881,1.1926121372031662,1,8,6,1204953,0,0,0,1,1,100.0,0.43,167,1.15675152024464,1.4827586206896552
6460,48672,36,1352,1,2,1,2,3,0,48,13.0,1755.7384615384615,23124.6,9.0,9.0,0.0,0.0,25390.2,25016.2,19301.8,16747.0,55,15,3,157042,49,70,18,0,9,33.9,2.43,111,1.0642251981415687,1.2925531914893618,1,8,6,1204953,0,0,0,1,1,100.0,0.43,167,1.15675152024464,1.4827586206896552
6820,38148,12,3179,1,3,1,1,3,0,31,5.0,6827.360000000001,56840.8,1.0,2.0,0.0,0.0,40520.6,55461.2,,,1,4,4,1204953,0,0,0,1,1,100.0,0.43,167,1.15675152024464,1.4827586206896552,1,8,6,1204953,0,0,0,1,1,100.0,0.43,167,1.15675152024464,1.4827586206896552
4959,80952,24,3373,1,2,1,2,3,1,51,10.0,2675.52,27855.2,5.0,0.0,0.0,0.0,31839.5,21788.6,45289.5,,1,4,4,1204953,0,0,0,1,1,100.0,0.43,167,1.15675152024464,1.4827586206896552,1,8,6,1204953,0,0,0,1,1,100.0,0.43,167,1.15675152024464,1.4827586206896552
6499,80952,24,3373,1,2,1,2,3,1,51,10.0,2766.37,28763.7,5.0,0.0,0.0,0.0,33136.2,21179.1,45289.5,,1,4,4,1204953,0,0,0,1,1,100.0,0.43,167,1.15675152024464,1.4827586206896552,1,8,6,1204953,0,0,0,1,1,100.0,0.43,167,1.15675152024464,1.4827586206896552
5479,24516,12,2043,1,2,1,1,3,1,38,10.0,7845.62,78656.2,0.0,0.0,0.0,0.0,78679.5,22652.5,39356.2,,1,4,4,1204953,0,0,0,1,1,100.0,0.43,167,1.15675152024464,1.4827586206896552,1,8,6,1204953,0,0,0,1,1,100.0,0.43,167,1.15675152024464,1.4827586206896552
6736,288360,60,4806,1,2,2,1,2,1,61,3.0,14171.066666666666,43313.2,0.0,0.0,0.0,0.0,31366.7,800.0,,,1,4,4,1204953,0,0,0,1,1,100.0,0.43,167,1.15675152024464,1.4827586206896552,1,8,6,1204953,0,0,0,1,1,100.0,0.43,167,1.15675152024464,1.4827586206896552
7220,131292,36,3647,1,2,0,1,3,1,42,13.0,-189.36153846153823,31361.3,10.0,0.0,0.0,0.0,21216.6,37802.6,24212.6,50917.1,1,4,4,1204953,0,0,0,1,1,100.0,0.43,167,1.15675152024464,1.4827586206896552,1,8,6,1204953,0,0,0,1,1,100.0,0.43,167,1.15675152024464,1.4827586206896552
6919,120888,36,3358,1,2,0,1,3,0,52,16.0,3213.4000000000005,52014.4,12.0,0.0,0.0,0.0,30863.4,26604.5,37626.7,55587.8,1,4,4,1204953,0,0,0,1,1,100.0,0.43,167,1.15675152024464,1.4827586206896552,1,8,6,1204953,0,0,0,1,1,100.0,0.43,167,1.15675152024464,1.4827586206896552
6038,323472,48,6739,1,2,1,1,3,0,56,13.0,5552.799999999999,72386.4,5.0,0.0,0.0,0.0,41127.0,17719.5,58244.1,11600.0,1,4,4,1204953,0,0,0,1,1,100.0,0.43,167,1.15675152024464,1.4827586206896552,1,8,6,1204953,0,0,0,1,1,100.0,0.43,167,1.15675152024464,1.4827586206896552
6229,11736,24,489,1,2,1,1,3,1,58,17.0,1522.6117647058825,26984.4,13.0,13.0,0.0,0.0,33068.0,34013.4,34445.8,43937.1,1,4,4,1204953,0,0,0,1,1,100.0,0.43,167,1.15675152024464,1.4827586206896552,1,8,6,1204953,0,0,0,1,1,100.0,0.43,167,1.15675152024464,1.4827586206896552
7142,482940,60,8049,-1,2,1,1,3,0,20,15.0,233.49333333333342,18439.4,11.0,11.0,0.0,0.0,28842.6,18893.9,30212.0,57707.2,1,4,4,1204953,0,0,0,1,1,100.0,0.43,167,1.15675152024464,1.4827586206896552,1,8,6,1204953,0,0,0,1,1,100.0,0.43,167,1.15675152024464,1.4827586206896552
5576,31248,12,2604,1,2,1,1,3,0,57,18.0,-566.3166666666665,53922.3,0.0,0.0,0.0,0.0,49577.6,93831.7,72533.8,94483.8,1,4,4,1204953,0,0,0,1,1,100.0,0.43,167,1.15675152024464,1.4827586206896552,1,8,6,1204953,0,0,0,1,1,100.0,0.43,167,1.15675152024464,1.4827586206896552
5739,76380,12,6365,1,1,1,1,2,0,39,8.0,2758.8999999999996,23171.2,4.0,4.0,0.0,0.0,22675.8,27412.0,29943.2,,1,4,4,1204953,0,0,0,1,1,100.0,0.43,167,1.15675152024464,1.4827586206896552,1,8,6,1204953,0,0,0,1,1,100.0,0.43,167,1.15675152024464,1.4827586206896552
6244,270648,36,7518,-1,1,0,1,2,1,59,9.0,944.7555555555559,50996.5,6.0,0.0,0.0,0.0,82970.4,28184.8,77493.8,,1,4,4,1204953,0,0,0,1,1,100.0,0.43,167,1.15675152024464,1.4827586206896552,1,8,6,1204953,0,0,0,1,1,100.0,0.43,167,1.15675152024464,1.4827586206896552
6960,76416,24,3184,1,1,1,2,3,1,59,22.0,-361.0499999999996,12262.9,18.0,0.0,0.0,0.0,10398.7,9255.0,41374.3,22365.7,1,4,4,1204953,0,0,0,1,1,100.0,0.43,167,1.15675152024464,1.4827586206896552,1,8,6,1204953,0,0,0,1,1,100.0,0.43,167,1.15675152024464,1.4827586206896552
5724,316140,60,5269,-1,1,1,1,3,1,28,22.0,142.06363636363633,12826.4,18.0,0.0,0.0,0.0,19493.2,22407.8,11787.0,10391.6,1,4,4,1204953,0,0,0,1,1,100.0,0.43,167,1.15675152024464,1.4827586206896552,1,8,6,1204953,0,0,0,1,1,100.0,0.43,167,1.15675152024464,1.4827586206896552
7241,168984,24,7041,-1,1,1,1,3,1,20,18.0,-2571.8388888888885,24304.3,0.0,0.0,2.0,0.0,7506.0,97986.5,38279.2,71269.7,1,4,4,1204953,0,0,0,1,1,100.0,0.43,167,1.15675152024464,1.4827586206896552,1,8,6,1204953,0,0,0,1,1,100.0,0.43,167,1.15675152024464,1.4827586206896552
6546,31728,24,1322,1,1,1,2,3,1,46,18.0,964.3166666666665,32802.7,14.0,0.0,0.0,0.0,30225.2,38531.0,33052.9,42978.7,1,4,4,1204953,0,0,0,1,1,100.0,0.43,167,1.15675152024464,1.4827586206896552,1,8,6,1204953,0,0,0,1,1,100.0,0.43,167,1.15675152024464,1.4827586206896552
5740,18564,12,1547,1,1,1,1,2,0,33,4.0,10766.425,43265.7,0.0,0.0,0.0,0.0,39429.4,25503.5,,,1,4,4,1204953,0,0,0,1,1,100.0,0.43,167,1.15675152024464,1.4827586206896552,1,8,6,1204953,0,0,0,1,1,100.0,0.43,167,1.15675152024464,1.4827586206896552
7008,36168,12,3014,1,1,1,1,1,1,35,6.0,1792.8499999999997,29138.1,2.0,3.0,0.0,0.0,29629.2,63482.1,18381.0,,1,4,4,1204953,0,0,0,1,1,100.0,0.43,167,1.15675152024464,1.4827586206896552,1,8,6,1204953,0,0,0,1,1,100.0,0.43,167,1.15675152024464,1.4827586206896552
7057,231696,36,6436,1,1,0,2,2,1,23,15.0,-86.82000000000019,39874.7,11.0,12.0,0.0,0.0,57438.2,52487.7,49885.9,96380.6,1,4,4,1204953,0,0,0,1,1,100.0,0.43,167,1.15675152024464,1.4827586206896552,1,8,6,1204953,0,0,0,1,1,100.0,0.43,167,1.15675152024464,1.4827586206896552
7304,419880,60,6998,1,1,0,2,1,0,51,4.0,-9619.400000000001,24704.4,1.0,0.0,0.0,0.0,104039.9,88809.0,,,1,4,4,1204953,0,0,0,1,1,100.0,0.43,167,1.15675152024464,1.4827586206896552,1,8,6,1204953,0,0,0,1,1,100.0,0.43,167,1.15675152024464,1.4827586206896552
6185,31176,24,1299,1,1,1,1,1,1,28,5.0,4105.82,50647.1,1.0,0.0,0.0,0.0,63249.6,55879.7,,,1,4,4,1204953,0,0,0,1,1,100.0,0.43,167,1.15675152024464,1.4827586206896552,1,8,6,1204953,0,0,0,1,1,100.0,0.43,167,1.15675152024464,1.4827586206896552
6785,125340,60,2089,1,1,0,1,2,1,52,15.0,1233.8,19007.0,13.0,0.0,0.0,0.0,62078.7,53502.4,36485.5,47770.4,1,4,4,1204953,0,0,0,1,1,100.0,0.43,167,1.15675152024464,1.4827586206896552,1,8,6,1204953,0,0,0,1,1,100.0,0.43,167,1.15675152024464,1.4827586206896552
6698,247728,48,5161,1,0,0,1,1,1,17,7.0,7478.814285714286,52551.7,3.0,0.0,0.0,0.0,46371.1,38591.1,37366.7,,1,4,4,1204953,0,0,0,1,1,100.0,0.43,167,1.15675152024464,1.4827586206896552,1,8,6,1204953,0,0,0,1,1,100.0,0.43,167,1.15675152024464,1.4827586206896552
6063,320976,48,6687,-1,0,1,1,1,1,60,8.0,5682.775,46462.2,0.0,0.0,0.0,0.0,55460.1,22045.2,51565.3,,1,4,4,1204953,0,0,0,1,1,100.0,0.43,167,1.15675152024464,1.4827586206896552,1,8,6,1204953,0,0,0,1,1,100.0,0.43,167,1.15675152024464,1.4827586206896552
5429,20196,36,561,1,0,1,1,1,1,25,17.0,3852.0352941176475,65684.6,13.0,0.0,0.0,0.0,77158.8,62799.2,65731.2,44048.2,1,4,4,1204953,0,0,0,1,1,100.0,0.43,167,1.15675152024464,1.4827586206896552,1,8,6,1204953,0,0,0,1,1,100.0,0.43,167,1.15675152024464,1.4827586206896552
6012,258444,36,7179,1,0,0,1,0,1,30,6.0,8882.016666666666,53892.1,0.0,0.0,0.0,0.0,48062.7,47447.3,600.0,,1,4,4,1204953,0,0,0,1,1,100.0,0.43,167,1.15675152024464,1.4827586206896552,1,8,6,1204953,0,0,0,1,1,100.0,0.43,167,1.15675152024464,1.4827586206896552
5385,71460,36,1985,1,0,1,2,0,0,16,7.0,6994.785714285715,49663.5,3.0,0.0,0.0,0.0,56163.4,61134.1,34530.1,,1,4,4,1204953,0,0,0,1,1,100.0,0.43,167,1.15675152024464,1.4827586206896552,1,8,6,1204953,0,0,0,1,1,100.0,0.43,167,1.15675152024464,1.4827586206896552
7194,68832,36,1912,1,0,1,1,1,1,37,10.0,3193.87,51540.7,6.0,0.0,0.0,0.0,44428.2,57532.2,61939.6,,1,4,4,1204953,0,0,0,1,1,100.0,0.43,167,1.15675152024464,1.4827586206896552,1,8,6,1204953,0,0,0,1,1,100.0,0.43,167,1.15675152024464,1.4827586206896552
5375,101520,12,8460,1,0,1,1,0,0,20,8.0,2041.9250000000002,16735.4,4.0,0.0,0.0,0.0,18705.5,39064.2,24614.6,,1,4,4,1204953,0,0,0,1,1,100.0,0.43,167,1.15675152024464,1.4827586206896552,1,8,6,1204953,0,0,0,1,1,100.0,0.43,167,1.15675152024464,1.4827586206896552
5635,77184,36,2144,1,0,1,1,1,0,42,18.0,1235.888888888889,22446.0,0.0,0.0,0.0,0.0,24857.9,91654.5,23734.7,76444.6,1,4,4,1204953,0,0,0,1,1,100.0,0.43,167,1.15675152024464,1.4827586206896552,1,8,6,1204953,0,0,0,1,1,100.0,0.43,167,1.15675152024464,1.4827586206896552
6817,70656,48,1472,1,0,1,1,0,1,44,8.0,870.0874999999996,22476.1,4.0,0.0,0.0,0.0,28608.4,27926.9,48197.6,,1,4,4,1204953,0,0,0,1,1,100.0,0.43,167,1.15675152024464,1.4827586206896552,1,8,6,1204953,0,0,0,1,1,100.0,0.43,167,1.15675152024464,1.4827586206896552
6309,110136,24,4589,1,0,1,1,1,0,38,18.0,2241.472222222222,40746.5,6.0,0.0,0.0,0.0,29326.1,49315.3,56698.8,24400.0,1,4,4,1204953,0,0,0,1,1,100.0,0.43,167,1.15675152024464,1.4827586206896552,1,8,6,1204953,0,0,0,1,1,100.0,0.43,167,1.15675152024464,1.4827586206896552
6940,228276,36,6341,1,0,1,2,0,1,35,5.0,6183.9800000000005,53707.9,0.0,0.0,0.0,0.0,60236.6,47513.9,,,1,4,4,1204953,0,0,0,1,1,100.0,0.43,167,1.15675152024464,1.4827586206896552,1,8,6,1204953,0,0,0,1,1,100.0,0.43,167,1.15675152024464,1.4827586206896552
7259,108144,36,3004,1,2,1,2,3,0,33,8.0,2627.6625000000004,21921.3,6.0,0.0,0.0,0.0,31411.1,64895.7,47363.4,,59,16,3,108871,41,29,7,2,6,62.1,3.47,106,0.8882466281310211,1.0709876543209877,1,8,6,1204953,0,0,0,1,1,100.0,0.43,167,1.15675152024464,1.4827586206896552
5285,78936,12,6578,1,2,1,1,3,0,39,9.0,2633.4444444444443,24601.0,4.0,0.0,0.0,0.0,27034.0,22867.6,30884.3,,31,7,0,51313,34,12,3,1,4,59.2,4.2,108,1.0933734939759037,1.1931818181818181,1,8,6,1204953,0,0,0,1,1,100.0,0.43,167,1.15675152024464,1.4827586206896552
6647,208320,48,4340,1,2,0,2,3,0,28,15.0,1198.2066666666665,44213.1,0.0,0.0,0.0,0.0,56730.2,43830.7,33535.8,43745.0,31,7,0,51313,34,12,3,1,4,59.2,4.2,108,1.0933734939759037,1.1931818181818181,1,8,6,1204953,0,0,0,1,1,100.0,0.43,167,1.15675152024464,1.4827586206896552
6645,140400,36,3900,1,2,1,1,3,1,55,12.0,-1333.2583333333332,28271.8,0.0,0.0,0.0,0.0,26682.0,36641.6,52327.7,44270.9,74,17,5,323870,0,0,0,1,1,100.0,5.44,100,0.9768395272069003,1.145263157894737,1,8,6,1204953,0,0,0,1,1,100.0,0.43,167,1.15675152024464,1.4827586206896552
7066,215388,36,5983,-1,2,1,1,3,1,37,5.0,5932.5599999999995,30662.8,0.0,0.0,0.0,0.0,33445.6,31204.6,,,39,18,7,119895,17,4,3,2,4,89.9,9.4,90,0.9587628865979382,1.2806539509536785,1,8,6,1204953,0,0,0,1,1,100.0,0.43,167,1.15675152024464,1.4827586206896552
6223,61056,48,1272,1,2,1,1,3,0,39,11.0,2965.9363636363637,33525.3,6.0,0.0,0.0,0.0,28371.1,38265.7,35678.0,,57,19,3,161954,21,37,20,3,8,48.0,4.5,116,0.9790828640386162,1.2064343163538873,1,8,6,1204953,0,0,0,1,1,100.0,0.43,167,1.15675152024464,1.4827586206896552
6596,91584,24,3816,1,2,1,1,3,0,45,6.0,156.15000000000023,49842.9,0.0,0.0,0.0,0.0,48526.3,81495.4,48906.0,,33,20,7,133777,24,17,7,3,11,84.7,7.61,116,1.0449462365591398,1.3234782608695652,1,8,6,1204953,0,0,0,1,1,100.0,0.43,167,1.15675152024464,1.4827586206896552
6888,39576,12,3298,1,2,1,1,3,0,16,17.0,1388.3,23901.1,12.0,0.0,0.0,0.0,51282.0,48600.6,9452.8,35721.1,32,21,7,105058,32,19,7,2,10,81.0,3.22,118,1.0380184331797233,1.1500000000000001,1,8,6,1204953,0,0,0,1,1,100.0,0.43,167,1.15675152024464,1.4827586206896552
5060,252060,60,4201,-1,2,1,1,3,0,31,7.0,9885.214285714286,70096.5,5.0,0.0,0.0,0.0,70138.5,82309.9,44104.2,,60,22,3,110643,49,41,4,1,4,51.9,4.48,115,1.1985098456625867,1.2985507246376813,1,8,6,1204953,0,0,0,1,1,100.0,0.43,167,1.15675152024464,1.4827586206896552
5523,93888,36,2608,1,3,2,1,3,0,46,4.0,4604.825000000001,34716.3,0.0,0.0,0.0,0.0,52378.2,37476.1,,,63,14,3,86513,38,36,5,1,5,50.5,4.52,110,0.9346991037131881,1.1926121372031662,63,9,2,86513,38,36,5,1,5,50.5,4.52,110,0.9346991037131881,1.1926121372031662
5657,4980,12,415,1,2,1,1,3,0,44,7.0,1616.0999999999997,22500.3,3.0,4.0,0.0,0.0,31521.8,37627.9,32731.3,,63,14,3,86513,38,36,5,1,5,50.5,4.52,110,0.9346991037131881,1.1926121372031662,63,9,2,86513,38,36,5,1,5,50.5,4.52,110,0.9346991037131881,1.1926121372031662
6526,288468,36,8013,1,1,1,1,2,0,38,4.0,12060.15,48840.6,0.0,0.0,0.0,0.0,40847.1,23149.0,,,63,14,3,86513,38,36,5,1,5,50.5,4.52,110,0.9346991037131881,1.1926121372031662,63,9,2,86513,38,36,5,1,5,50.5,4.52,110,0.9346991037131881,1.1926121372031662
6687,87840,24,3660,1,3,1,2,3,0,16,3.0,7112.5,43847.8,0.0,0.0,0.0,0.0,64813.3,22510.3,,,13,23,1,53921,61,22,1,1,2,41.3,3.26,123,1.17407639323732,1.1768953068592056,13,10,3,53921,61,22,1,1,2,41.3,3.26,123,1.17407639323732,1.1768953068592056
6027,61656,24,2569,-1,0,0,1,1,0,43,5.0,11859.1,59695.5,0.0,0.0,0.0,0.0,58054.4,65337.0,,,13,23,1,53921,61,22,1,1,2,41.3,3.26,123,1.17407639323732,1.1768953068592056,13,10,3,53921,61,22,1,1,2,41.3,3.26,123,1.17407639323732,1.1768953068592056
6137,44628,12,3719,1,0,0,1,2,1,53,21.0,3787.6047619047617,80439.7,16.0,0.0,0.0,0.0,82219.2,85061.8,79981.7,70711.0,13,23,1,53921,61,22,1,1,2,41.3,3.26,123,1.17407639323732,1.1768953068592056,13,10,3,53921,61,22,1,1,2,41.3,3.26,123,1.17407639323732,1.1768953068592056
5082,262980,60,4383,1,0,1,1,1,0,30,12.0,6265.1083333333345,76081.3,0.0,0.0,0.0,0.0,30413.6,48652.1,29749.2,,13,23,1,53921,61,22,1,1,2,41.3,3.26,123,1.17407639323732,1.1768953068592056,13,10,3,53921,61,22,1,1,2,41.3,3.26,123,1.17407639323732,1.1768953068592056
7226,197748,36,5493,1,2,1,2,3,0,26,5.0,8598.9,43294.5,0.0,0.0,0.0,0.0,48846.4,38056.3,,,13,23,1,53921,61,22,1,1,2,41.3,3.26,123,1.17407639323732,1.1768953068592056,50,11,1,102609,75,33,2,3,6,52.0,5.45,94,1.0051813471502589,1.1283643892339545
6216,141240,24,5885,1,2,1,1,3,1,34,12.0,796.6333333333332,45871.6,8.0,9.0,0.0,0.0,30363.5,78832.0,66583.3,36312.0,50,11,2,102609,75,33,2,3,6,52.0,5.45,94,1.0051813471502589,1.1283643892339545,50,11,1,102609,75,33,2,3,6,52.0,5.45,94,1.0051813471502589,1.1283643892339545
5900,135360,48,2820,1,1,1,1,1,1,21,12.0,4555.741666666667,54868.9,0.0,0.0,0.0,0.0,69499.8,29751.6,36645.8,,50,11,2,102609,75,33,2,3,6,52.0,5.45,94,1.0051813471502589,1.1283643892339545,50,11,1,102609,75,33,2,3,6,52.0,5.45,94,1.0051813471502589,1.1283643892339545
7284,52788,12,4399,1,3,1,1,3,1,23,7.0,1773.0,21029.0,4.0,0.0,0.0,0.0,22777.4,20436.1,26079.8,,15,24,6,58796,22,16,7,1,5,51.9,3.6,124,1.0184281842818428,1.1501597444089458,15,12,5,58796,22,16,7,1,5,51.9,3.6,124,1.0184281842818428,1.1501597444089458
6210,87216,48,1817,-1,2,1,1,3,1,32,6.0,3581.883333333333,21691.3,2.0,0.0,0.0,0.0,33320.9,30393.6,200.0,,15,24,6,58796,22,16,7,1,5,51.9,3.6,124,1.0184281842818428,1.1501597444089458,15,12,5,58796,22,16,7,1,5,51.9,3.6,124,1.0184281842818428,1.1501597444089458
5980,21396,12,1783,1,1,1,2,2,1,28,14.0,552.4285714285714,24782.0,0.0,0.0,0.0,0.0,35336.0,26364.5,34635.5,38222.6,15,24,6,58796,22,16,7,1,5,51.9,3.6,124,1.0184281842818428,1.1501597444089458,15,12,5,58796,22,16,7,1,5,51.9,3.6,124,1.0184281842818428,1.1501597444089458
6144,44376,12,3698,1,0,1,1,0,1,34,5.0,7892.9,68241.5,4.0,0.0,0.0,0.0,79219.0,56866.6,,,15,24,6,58796,22,16,7,1,5,51.9,3.6,124,1.0184281842818428,1.1501597444089458,15,12,5,58796,22,16,7,1,5,51.9,3.6,124,1.0184281842818428,1.1501597444089458
6111,174744,24,7281,-1,3,1,1,3,0,48,5.0,-5245.219999999998,58140.9,4.0,0.0,0.0,0.0,29873.1,54196.0,,,24,25,0,122603,25,21,6,2,8,80.0,2.01,128,1.0144286263947673,1.4460431654676258,24,13,0,122603,25,21,6,2,8,80.0,2.01,128,1.0144286263947673,1.4460431654676258
6650,49320,12,4110,-1,2,2,1,3,0,51,5.0,-11650.279999999999,15673.6,5.0,0.0,0.0,0.0,33906.2,73100.1,,,24,25,0,122603,25,21,6,2,8,80.0,2.01,128,1.0144286263947673,1.4460431654676258,24,13,0,122603,25,21,6,2,8,80.0,2.01,128,1.0144286263947673,1.4460431654676258
7034,19044,36,529,1,0,1,1,1,0,22,13.0,1957.0461538461536,50167.6,0.0,0.0,0.0,0.0,38430.9,56473.1,56832.8,41624.2,24,25,0,122603,25,21,6,2,8,80.0,2.01,128,1.0144286263947673,1.4460431654676258,24,13,0,122603,25,21,6,2,8,80.0,2.01,128,1.0144286263947673,1.4460431654676258
5897,15192,24,633,1,0,1,1,2,0,24,22.0,765.9954545454547,17351.9,18.0,18.0,0.0,0.0,30744.7,38607.9,28395.5,27635.6,24,25,0,122603,25,21,6,2,8,80.0,2.01,128,1.0144286263947673,1.4460431654676258,24,13,0,122603,25,21,6,2,8,80.0,2.01,128,1.0144286263947673,1.4460431654676258
5877,97224,24,4051,1,1,1,2,3,0,45,17.0,1087.035294117647,19479.6,13.0,0.0,0.0,0.0,22085.0,21218.2,12152.3,18803.7,17,26,6,74062,99,15,4,2,7,61.4,2.62,119,1.177467597208375,1.1008403361344539,24,13,0,122603,25,21,6,2,8,80.0,2.01,128,1.0144286263947673,1.4460431654676258
5464,95808,12,7984,1,1,1,1,3,1,56,14.0,4473.028571428571,72500.4,0.0,0.0,0.0,0.0,53207.5,35852.8,87673.4,48400.8,43,27,2,161854,73,21,6,1,6,76.3,2.5,125,0.9525091799265607,1.4534883720930232,24,13,0,122603,25,21,6,2,8,80.0,2.01,128,1.0144286263947673,1.4460431654676258
7235,154416,48,3217,1,3,0,1,3,0,27,5.0,3673.62,53402.7,0.0,0.0,0.0,0.0,36693.5,68993.5,,,18,28,6,70699,60,13,2,1,4,65.3,3.35,131,1.0977011494252873,1.1837455830388692,18,14,5,70699,60,13,2,1,4,65.3,3.35,131,1.0977011494252873,1.1837455830388692
7121,21924,36,609,1,3,1,2,3,1,36,9.0,3721.1444444444446,49083.3,5.0,0.0,0.0,0.0,46512.7,45116.8,48442.4,,55,15,3,157042,49,70,18,0,9,33.9,2.43,111,1.0642251981415687,1.2925531914893618,55,15,2,157042,49,70,18,0,9,33.9,2.43,111,1.0642251981415687,1.2925531914893618
6064,14628,12,1219,1,2,1,1,3,0,47,13.0,2670.5692307692307,34917.4,8.0,8.0,0.0,0.0,34143.2,30840.5,21307.2,15687.0,55,15,3,157042,49,70,18,0,9,33.9,2.43,111,1.0642251981415687,1.2925531914893618,55,15,2,157042,49,70,18,0,9,33.9,2.43,111,1.0642251981415687,1.2925531914893618
7061,121896,24,5079,1,2,1,1,3,1,31,15.0,154.21333333333314,41917.2,0.0,0.0,0.0,0.0,77424.4,80207.6,75348.7,30508.0,55,15,3,157042,49,70,18,0,9,33.9,2.43,111,1.0642251981415687,1.2925531914893618,55,15,2,157042,49,70,18,0,9,33.9,2.43,111,1.0642251981415687,1.2925531914893618
6624,71460,12,5955,1,2,1,2,3,1,51,10.0,5282.2,53022.0,4.0,0.0,0.0,0.0,40047.3,72626.2,50617.1,,55,15,3,157042,49,70,18,0,9,33.9,2.43,111,1.0642251981415687,1.2925531914893618,55,15,2,157042,49,70,18,0,9,33.9,2.43,111,1.0642251981415687,1.2925531914893618
7154,417600,60,6960,1,0,2,1,1,1,26,13.0,2097.430769230769,58638.6,0.0,0.0,0.0,0.0,27869.7,32546.2,31260.9,47082.0,55,15,3,157042,49,70,18,0,9,33.9,2.43,111,1.0642251981415687,1.2925531914893618,55,15,2,157042,49,70,18,0,9,33.9,2.43,111,1.0642251981415687,1.2925531914893618
6077,79608,24,3317,1,3,1,1,3,1,26,10.0,5819.67,103745.7,0.0,0.0,0.0,0.0,95837.6,80230.3,99164.6,,44,29,2,105606,77,26,7,2,7,53.0,3.76,97,1.0734072022160666,1.3476702508960572,44,16,1,105606,77,26,7,2,7,53.0,3.76,97,1.0734072022160666,1.3476702508960572
6103,149340,60,2489,1,2,0,1,3,1,33,10.0,2306.83,23568.3,6.0,0.0,0.0,0.0,19793.9,23860.0,36730.1,,44,29,2,105606,77,26,7,2,7,53.0,3.76,97,1.0734072022160666,1.3476702508960572,44,16,1,105606,77,26,7,2,7,53.0,3.76,97,1.0734072022160666,1.3476702508960572
7227,314520,60,5242,1,1,0,1,2,0,41,16.0,3124.1875,50487.0,12.0,0.0,0.0,0.0,78319.6,50301.4,43677.8,57466.8,44,29,2,105606,77,26,7,2,7,53.0,3.76,97,1.0734072022160666,1.3476702508960572,44,16,1,105606,77,26,7,2,7,53.0,3.76,97,1.0734072022160666,1.3476702508960572
5593,277884,36,7719,-1,0,1,1,2,0,16,22.0,482.4545454545461,11614.0,13.0,0.0,0.0,0.0,3643.2,12406.9,65234.1,53201.9,44,29,2,105606,77,26,7,2,7,53.0,3.76,97,1.0734072022160666,1.3476702508960572,44,16,1,105606,77,26,7,2,7,53.0,3.76,97,1.0734072022160666,1.3476702508960572
6642,77640,12,6470,1,2,0,1,3,1,29,10.0,3012.5800000000004,30825.8,0.0,0.0,0.0,0.0,88710.3,57848.7,91562.5,,27,30,0,67298,71,19,10,0,7,43.8,1.29,110,1.0952380952380953,1.9846153846153847,44,16,1,105606,77,26,7,2,7,53.0,3.76,97,1.0734072022160666,1.3476702508960572
6228,464520,60,7742,-1,3,0,1,3,0,56,8.0,7524.237500000001,121570.3,0.0,0.0,0.0,0.0,12514.7,43350.1,83111.6,,77,31,5,148545,8,35,12,3,4,53.5,5.56,113,1.0375722543352601,1.3865336658354115,6,17,3,77963,60,23,4,2,4,51.5,4.02,126,1.1818181818181819,1.3627118644067795
6696,89040,60,1484,1,2,1,2,3,0,26,12.0,1490.9750000000001,29305.8,8.0,0.0,0.0,0.0,24788.8,23245.9,35537.0,11414.1,77,31,5,148545,8,35,12,3,4,53.5,5.56,113,1.0375722543352601,1.3865336658354115,77,18,4,148545,8,35,12,3,4,53.5,5.56,113,1.0375722543352601,1.3865336658354115
6066,173808,24,7242,1,2,2,2,3,0,39,12.0,3645.908333333333,94431.9,0.0,0.0,0.0,0.0,55493.3,95818.8,74804.0,1000.0,77,31,5,148545,8,35,12,3,4,53.5,5.56,113,1.0375722543352601,1.3865336658354115,77,18,4,148545,8,35,12,3,4,53.5,5.56,113,1.0375722543352601,1.3865336658354115
5586,48744,36,1354,1,0,1,1,0,0,32,4.0,10730.575,62891.3,0.0,0.0,0.0,0.0,60274.4,53326.2,,,77,31,5,148545,8,35,12,3,4,53.5,5.56,113,1.0375722543352601,1.3865336658354115,77,18,4,148545,8,35,12,3,4,53.5,5.56,113,1.0375722543352601,1.3865336658354115
6356,95400,36,2650,1,3,0,1,3,1,25,8.0,-204.8249999999989,27667.0,0.0,0.0,0.0,0.0,40887.8,68827.8,80987.6,,5,32,1,95616,65,30,4,1,6,51.4,4.43,118,1.162079510703364,1.1506493506493505,49,19,1,75685,31,28,5,1,9,60.8,2.26,155,1.2789156626506024,1.1957671957671958
6474,63360,60,1056,1,1,1,2,3,1,41,21.0,1187.3809523809523,25635.0,16.0,0.0,0.0,0.0,26978.4,27658.6,26779.9,29871.4,49,33,2,75685,31,28,5,1,9,60.8,2.26,155,1.2789156626506024,1.1957671957671958,49,19,1,75685,31,28,5,1,9,60.8,2.26,155,1.2789156626506024,1.1957671957671958
6112,174744,24,7281,-1,2,1,1,3,0,18,14.0,-6409.185714285714,6930.8,14.0,14.0,3.0,0.0,-490.5,-540.5,17552.0,74725.5,5,32,1,95616,65,30,4,1,6,51.4,4.43,118,1.162079510703364,1.1506493506493505,34,20,7,125236,28,11,1,4,5,87.7,7.68,100,0.9750140897989855,1.1944012441679628
5414,185952,48,3874,1,1,1,1,2,1,51,12.0,6807.099999999999,82385.2,1.0,0.0,0.0,0.0,58663.0,35746.9,37778.4,700.0,34,34,7,125236,28,11,1,4,5,87.7,7.68,100,0.9750140897989855,1.1944012441679628,34,20,7,125236,28,11,1,4,5,87.7,7.68,100,0.9750140897989855,1.1944012441679628
6600,21852,36,607,1,1,1,1,1,1,42,5.0,8439.880000000001,42899.4,0.0,1.0,0.0,0.0,42372.2,36563.4,,,34,34,7,125236,28,11,1,4,5,87.7,7.68,100,0.9750140897989855,1.1944012441679628,34,20,7,125236,28,11,1,4,5,87.7,7.68,100,0.9750140897989855,1.1944012441679628
5132,538500,60,8975,1,1,1,1,2,1,36,11.0,2097.3636363636365,23271.0,7.0,0.0,0.0,0.0,30894.5,25019.4,36548.2,,5,32,1,95616,65,30,4,1,6,51.4,4.43,118,1.162079510703364,1.1506493506493505,5,21,3,95616,65,30,4,1,6,51.4,4.43,118,1.162079510703364,1.1506493506493505
6153,285600,60,4760,1,1,0,2,2,0,16,7.0,3870.6285714285705,28194.4,0.0,0.0,0.0,0.0,43726.3,21372.1,126077.1,,5,32,1,95616,65,30,4,1,6,51.4,4.43,118,1.162079510703364,1.1506493506493505,5,21,3,95616,65,30,4,1,6,51.4,4.43,118,1.162079510703364,1.1506493506493505
6471,155640,24,6485,1,0,1,1,1,0,53,13.0,1309.0923076923075,40509.2,9.0,9.0,0.0,0.0,41625.0,35379.7,19741.2,22129.6,5,32,1,95616,65,30,4,1,6,51.4,4.43,118,1.162079510703364,1.1506493506493505,5,21,3,95616,65,30,4,1,6,51.4,4.43,118,1.162079510703364,1.1506493506493505
5450,199680,60,3328,1,2,1,1,3,1,47,13.0,1495.276923076923,19938.6,9.0,0.0,0.0,0.0,30431.9,32662.1,27232.2,20769.0,52,35,2,139012,59,41,8,3,10,61.9,3.49,108,1.0916536661466458,1.3849206349206349,5,21,3,95616,65,30,4,1,6,51.4,4.43,118,1.162079510703364,1.1506493506493505
7104,259740,60,4329,1,3,1,1,3,1,17,5.0,13283.9,67219.5,1.0,0.0,0.0,0.0,61512.4,39821.3,,,68,36,5,228848,15,40,18,2,6,57.2,4.72,96,1.0469500266761516,1.1540342298288508,68,22,4,228848,15,40,18,2,6,57.2,4.72,96,1.0469500266761516,1.1540342298288508
6737,76680,24,3195,1,1,1,2,3,1,47,18.0,1455.0666666666666,27191.2,13.0,0.0,0.0,0.0,36940.5,47727.3,41063.4,94615.6,68,36,5,228848,15,40,18,2,6,57.2,4.72,96,1.0469500266761516,1.1540342298288508,68,22,4,228848,15,40,18,2,6,57.2,4.72,96,1.0469500266761516,1.1540342298288508
5352,68400,12,5700,-1,1,1,1,2,0,20,5.0,4629.219999999999,23946.1,0.0,0.0,0.0,0.0,27698.4,35442.2,,,68,36,5,228848,15,40,18,2,6,57.2,4.72,96,1.0469500266761516,1.1540342298288508,68,22,4,228848,15,40,18,2,6,57.2,4.72,96,1.0469500266761516,1.1540342298288508
5449,99336,24,4139,1,1,1,1,2,0,16,10.0,3052.41,30824.1,6.0,0.0,0.0,0.0,27187.5,22254.6,35324.0,,68,36,5,228848,15,40,18,2,6,57.2,4.72,96,1.0469500266761516,1.1540342298288508,68,22,4,228848,15,40,18,2,6,57.2,4.72,96,1.0469500266761516,1.1540342298288508
5301,141948,36,3943,1,0,1,1,0,0,46,3.0,15479.9,47239.7,0.0,0.0,0.0,0.0,34303.6,800.0,,,68,36,5,228848,15,40,18,2,6,57.2,4.72,96,1.0469500266761516,1.1540342298288508,68,22,4,228848,15,40,18,2,6,57.2,4.72,96,1.0469500266761516,1.1540342298288508
5170,253200,60,4220,1,2,0,1,3,0,46,8.0,8089.575000000002,81150.6,0.0,0.0,0.0,0.0,15124.2,32770.4,57118.4,,52,35,2,139012,59,41,8,3,10,61.9,3.49,108,1.0916536661466458,1.3849206349206349,68,22,4,228848,15,40,18,2,6,57.2,4.72,96,1.0469500266761516,1.1540342298288508
6895,41904,12,3492,1,2,1,1,3,1,22,19.0,1737.9947368421049,39204.7,15.0,0.0,0.0,0.0,75488.7,14573.4,24366.2,14177.4,70,37,5,285387,0,2,8,5,7,89.9,7.75,81,1.023284065600324,1.1689291101055808,68,22,4,228848,15,40,18,2,6,57.2,4.72,96,1.0469500266761516,1.1540342298288508
5319,239460,60,3991,1,2,1,1,3,0,54,8.0,1499.4500000000007,36240.6,4.0,0.0,0.0,0.0,41860.3,64499.2,69748.2,,68,36,5,228848,15,40,18,2,6,57.2,4.72,96,1.0469500266761516,1.1540342298288508,40,23,7,128118,9,16,6,3,8,85.3,7.07,97,0.9889192689595625,1.0893682588597844
5599,15420,12,1285,1,1,1,1,3,0,31,22.0,1403.0545454545456,31867.2,17.0,0.0,0.0,0.0,29095.9,31273.5,31773.0,16222.1,1,4,4,1204953,0,0,0,1,1,100.0,0.43,167,1.15675152024464,1.4827586206896552,40,23,7,128118,9,16,6,3,8,85.3,7.07,97,0.9889192689595625,1.0893682588597844
6087,300660,60,5011,1,2,1,1,3,1,46,9.0,357.32222222222316,33918.9,5.0,5.0,0.0,0.0,20972.3,55159.2,54527.8,,40,38,7,128118,9,16,6,3,8,85.3,7.07,97,0.9889192689595625,1.0893682588597844,40,23,7,128118,9,16,6,3,8,85.3,7.07,97,0.9889192689595625,1.0893682588597844
6810,186384,48,3883,1,0,0,1,2,1,37,21.0,-2139.82380952381,20960.7,19.0,0.0,0.0,0.0,27252.6,25839.6,38648.9,87526.1,40,38,7,128118,9,16,6,3,8,85.3,7.07,97,0.9889192689595625,1.0893682588597844,40,23,7,128118,9,16,6,3,8,85.3,7.07,97,0.9889192689595625,1.0893682588597844
4996,88440,12,7370,1,0,2,2,0,0,51,5.0,-667.6599999999977,78907.6,0.0,0.0,0.0,0.0,51146.1,68400.5,,,40,38,7,128118,9,16,6,3,8,85.3,7.07,97,0.9889192689595625,1.0893682588597844,40,23,7,128118,9,16,6,3,8,85.3,7.07,97,0.9889192689595625,1.0893682588597844
6120,209184,48,4358,1,2,1,1,3,1,43,12.0,568.7249999999995,44254.7,0.0,0.0,0.0,0.0,64453.2,93694.6,75595.6,37430.0,1,4,4,1204953,0,0,0,1,1,100.0,0.43,167,1.15675152024464,1.4827586206896552,52,24,1,139012,59,41,8,3,10,61.9,3.49,108,1.0916536661466458,1.3849206349206349
5804,158976,48,3312,1,1,1,1,3,1,57,17.0,1076.1176470588234,18894.0,14.0,14.0,0.0,0.0,22982.3,50823.2,87691.5,90058.5,52,35,2,139012,59,41,8,3,10,61.9,3.49,108,1.0916536661466458,1.3849206349206349,52,24,1,139012,59,41,8,3,10,61.9,3.49,108,1.0916536661466458,1.3849206349206349
6578,27984,12,2332,1,1,0,1,2,1,47,17.0,1051.7941176470588,18380.5,10.0,0.0,0.0,0.0,22421.7,12404.2,10100.9,28472.9,52,35,2,139012,59,41,8,3,10,61.9,3.49,108,1.0916536661466458,1.3849206349206349,52,24,1,139012,59,41,8,3,10,61.9,3.49,108,1.0916536661466458,1.3849206349206349
6175,290700,60,4845,-1,0,1,1,1,0,37,12.0,-8206.025000000001,11574.8,0.0,0.0,1.0,0.0,-1721.7,51407.6,95959.9,93951.1,52,35,2,139012,59,41,8,3,10,61.9,3.49,108,1.0916536661466458,1.3849206349206349,52,24,1,139012,59,41,8,3,10,61.9,3.49,108,1.0916536661466458,1.3849206349206349
6992,133968,48,2791,1,0,1,2,1,1,53,8.0,4316.1875,34729.5,8.0,8.0,0.0,0.0,30344.1,34650.9,19231.8,,52,35,2,139012,59,41,8,3,10,61.9,3.49,108,1.0916536661466458,1.3849206349206349,52,24,1,139012,59,41,8,3,10,61.9,3.49,108,1.0916536661466458,1.3849206349206349
5988,141648,24,5902,1,0,1,2,0,1,44,6.0,20518.350000000002,123310.1,0.0,0.0,0.0,0.0,44187.7,20435.4,200.0,,52,35,2,139012,59,41,8,3,10,61.9,3.49,108,1.0916536661466458,1.3849206349206349,52,24,1,139012,59,41,8,3,10,61.9,3.49,108,1.0916536661466458,1.3849206349206349
6599,72120,12,6010,1,0,1,2,1,0,44,20.0,4881.585,98631.7,0.0,0.0,0.0,0.0,90658.8,86587.0,98160.2,92531.2,52,35,2,139012,59,41,8,3,10,61.9,3.49,108,1.0916536661466458,1.3849206349206349,52,24,1,139012,59,41,8,3,10,61.9,3.49,108,1.0916536661466458,1.3849206349206349
5131,48624,24,2026,1,1,1,1,3,1,35,17.0,2811.388235294118,47993.6,12.0,0.0,0.0,0.0,85422.4,56824.3,41145.0,38071.7,40,38,7,128118,9,16,6,3,8,85.3,7.07,97,0.9889192689595625,1.0893682588597844,52,24,1,139012,59,41,8,3,10,61.9,3.49,108,1.0916536661466458,1.3849206349206349
5882,87816,12,7318,1,2,1,2,3,1,35,15.0,991.0399999999998,15665.6,11.0,0.0,0.0,0.0,15597.8,23279.6,24525.6,37633.9,1,4,4,1204953,0,0,0,1,1,100.0,0.43,167,1.15675152024464,1.4827586206896552,32,25,7,105058,32,19,7,2,10,81.0,3.22,118,1.0380184331797233,1.1500000000000001
5337,162468,36,4513,1,0,1,2,0,0,39,4.0,11715.7,74638.8,0.0,0.0,0.0,0.0,83546.0,53822.9,,,32,21,7,105058,32,19,7,2,10,81.0,3.22,118,1.0380184331797233,1.1500000000000001,32,25,7,105058,32,19,7,2,10,81.0,3.22,118,1.0380184331797233,1.1500000000000001
5088,91152,24,3798,1,0,1,1,1,1,54,15.0,2598.586666666667,39378.8,0.0,0.0,0.0,0.0,56976.3,58419.5,44706.2,42177.3,32,21,7,105058,32,19,7,2,10,81.0,3.22,118,1.0380184331797233,1.1500000000000001,32,25,7,105058,32,19,7,2,10,81.0,3.22,118,1.0380184331797233,1.1500000000000001
5351,205200,36,5700,1,2,0,1,3,0,33,17.0,1146.1176470588236,54586.0,13.0,13.0,0.0,0.0,65189.2,63528.0,53755.5,40818.4,1,4,4,1204953,0,0,0,1,1,100.0,0.43,167,1.15675152024464,1.4827586206896552,57,26,2,161954,21,37,20,3,8,48.0,4.5,116,0.9790828640386162,1.2064343163538873
5045,187224,24,7801,-1,1,1,1,3,1,49,16.0,1615.8687499999999,50846.7,0.0,0.0,1.0,0.0,5133.8,67324.5,45989.3,69539.0,1,4,4,1204953,0,0,0,1,1,100.0,0.43,167,1.15675152024464,1.4827586206896552,65,27,2,114200,101,41,4,1,4,43.7,5.72,105,1.2600834492350486,0.9965156794425086
5161,98184,24,4091,1,2,1,1,2,0,51,3.0,14637.033333333335,68956.1,0.0,0.0,0.0,0.0,37584.2,25045.0,,,65,39,3,114200,101,41,4,1,4,43.7,5.72,105,1.2600834492350486,0.9965156794425086,65,27,2,114200,101,41,4,1,4,43.7,5.72,105,1.2600834492350486,0.9965156794425086
6955,244368,48,5091,1,1,2,1,2,1,26,16.0,5374.63125,86194.1,0.0,0.0,0.0,0.0,62460.9,66781.9,49418.1,52473.1,65,39,3,114200,101,41,4,1,4,43.7,5.72,105,1.2600834492350486,0.9965156794425086,65,27,2,114200,101,41,4,1,4,43.7,5.72,105,1.2600834492350486,0.9965156794425086
7213,113544,36,3154,1,0,1,1,1,1,54,11.0,-567.0181818181816,13386.8,7.0,0.0,0.0,0.0,19703.2,33097.9,37900.0,,65,39,3,114200,101,41,4,1,4,43.7,5.72,105,1.2600834492350486,0.9965156794425086,65,27,2,114200,101,41,4,1,4,43.7,5.72,105,1.2600834492350486,0.9965156794425086
5470,200976,48,4187,1,0,1,1,1,1,41,7.0,3101.0571428571443,47431.4,3.0,0.0,0.0,0.0,45881.0,82077.5,52008.7,,65,39,3,114200,101,41,4,1,4,43.7,5.72,105,1.2600834492350486,0.9965156794425086,65,27,2,114200,101,41,4,1,4,43.7,5.72,105,1.2600834492350486,0.9965156794425086
5138,87216,48,1817,1,1,1,1,3,0,42,19.0,825.8052631578947,26795.3,16.0,16.0,0.0,0.0,30371.9,34341.6,34729.7,38106.7,1,4,4,1204953,0,0,0,1,1,100.0,0.43,167,1.15675152024464,1.4827586206896552,62,28,2,145688,22,41,13,2,5,40.7,1.86,109,1.0687752850312615,1.4418604651162792
7055,167100,60,2785,1,2,1,2,3,0,26,10.0,41.77999999999956,39310.2,0.0,0.0,0.0,0.0,76356.6,65543.8,93535.1,,62,40,3,145688,22,41,13,2,5,40.7,1.86,109,1.0687752850312615,1.4418604651162792,62,28,2,145688,22,41,13,2,5,40.7,1.86,109,1.0687752850312615,1.4418604651162792
6362,37908,12,3159,1,1,1,1,2,0,20,14.0,1882.8214285714287,46113.5,0.0,0.0,0.0,0.0,61556.0,65875.4,45201.6,49470.0,62,40,3,145688,22,41,13,2,5,40.7,1.86,109,1.0687752850312615,1.4418604651162792,62,28,2,145688,22,41,13,2,5,40.7,1.86,109,1.0687752850312615,1.4418604651162792
6550,320592,48,6679,1,0,1,2,1,0,26,15.0,4576.573333333334,69148.6,0.0,0.0,0.0,0.0,89013.1,79838.1,79395.7,88690.0,62,40,3,145688,22,41,13,2,5,40.7,1.86,109,1.0687752850312615,1.4418604651162792,62,28,2,145688,22,41,13,2,5,40.7,1.86,109,1.0687752850312615,1.4418604651162792
5886,192744,36,5354,1,0,1,2,0,1,32,4.0,6899.775,27799.1,0.0,0.0,0.0,0.0,35314.7,49433.8,,,62,40,3,145688,22,41,13,2,5,40.7,1.86,109,1.0687752850312615,1.4418604651162792,62,28,2,145688,22,41,13,2,5,40.7,1.86,109,1.0687752850312615,1.4418604651162792
6944,46176,48,962,1,0,1,1,0,1,30,5.0,7545.0199999999995,38725.1,1.0,0.0,0.0,0.0,54705.1,29482.5,,,62,40,3,145688,22,41,13,2,5,40.7,1.86,109,1.0687752850312615,1.4418604651162792,62,28,2,145688,22,41,13,2,5,40.7,1.86,109,1.0687752850312615,1.4418604651162792
5209,182640,48,3805,1,0,1,1,0,0,54,7.0,66.75714285714328,23898.3,3.0,0.0,0.0,0.0,31249.3,49909.7,43473.5,,62,40,3,145688,22,41,13,2,5,40.7,1.86,109,1.0687752850312615,1.4418604651162792,62,28,2,145688,22,41,13,2,5,40.7,1.86,109,1.0687752850312615,1.4418604651162792
5533,111384,24,4641,1,2,1,1,3,1,29,15.0,-122.80666666666706,52318.9,14.0,0.0,0.0,0.0,86517.1,47791.4,74524.9,40548.9,11,1,1,75637,35,36,9,0,7,36.5,0.59,154,1.0155395683453237,1.3111111111111111,19,29,5,51428,50,11,3,1,4,52.7,3.98,120,1.1001001001001,1.2715654952076678
6725,265320,36,7370,1,1,1,2,3,0,48,20.0,849.1900000000002,35289.8,17.0,0.0,0.0,0.0,41711.9,33354.8,57358.3,50081.8,51,41,2,121947,37,28,7,3,11,70.5,2.97,131,1.0981121281464532,1.1832669322709166,19,29,5,51428,50,11,3,1,4,52.7,3.98,120,1.1001001001001,1.2715654952076678
5237,45336,24,1889,1,1,1,1,2,1,39,15.0,1249.9,39839.5,12.0,0.0,0.0,0.0,53496.6,53171.1,51764.7,61707.7,19,42,6,51428,50,11,3,1,4,52.7,3.98,120,1.1001001001001,1.2715654952076678,19,29,5,51428,50,11,3,1,4,52.7,3.98,120,1.1001001001001,1.2715654952076678
5409,182040,60,3034,1,1,1,2,2,0,45,12.0,3178.9583333333335,38747.5,0.0,0.0,0.0,0.0,72842.3,61169.4,37464.0,,19,42,6,51428,50,11,3,1,4,52.7,3.98,120,1.1001001001001,1.2715654952076678,19,29,5,51428,50,11,3,1,4,52.7,3.98,120,1.1001001001001,1.2715654952076678
6589,189696,24,7904,1,1,0,2,1,1,51,8.0,-4590.5999999999985,88662.1,8.0,8.0,0.0,0.0,75509.2,56549.4,47886.4,,19,42,6,51428,50,11,3,1,4,52.7,3.98,120,1.1001001001001,1.2715654952076678,19,29,5,51428,50,11,3,1,4,52.7,3.98,120,1.1001001001001,1.2715654952076678
5329,396120,60,6602,1,0,0,1,1,0,46,18.0,4895.0055555555555,88610.1,0.0,0.0,0.0,0.0,45636.9,68252.4,59527.9,101710.8,19,42,6,51428,50,11,3,1,4,52.7,3.98,120,1.1001001001001,1.2715654952076678,19,29,5,51428,50,11,3,1,4,52.7,3.98,120,1.1001001001001,1.2715654952076678
7097,75624,24,3151,-1,3,1,1,3,1,38,6.0,1945.3000000000004,41954.8,1.0,0.0,0.0,0.0,41755.6,35990.4,30283.0,,54,43,3,387570,0,0,0,1,1,100.0,1.96,140,0.9986646012499333,1.2249999999999999,54,30,2,387570,0,0,0,1,1,100.0,1.96,140,0.9986646012499333,1.2249999999999999
5126,208128,48,4336,-1,2,1,1,3,1,45,14.0,5798.185714285714,81474.6,0.0,0.0,0.0,0.0,27105.2,13046.6,42159.9,35817.2,54,43,3,387570,0,0,0,1,1,100.0,1.96,140,0.9986646012499333,1.2249999999999999,54,30,2,387570,0,0,0,1,1,100.0,1.96,140,0.9986646012499333,1.2249999999999999
5754,23052,12,1921,1,2,1,2,3,0,56,20.0,1391.585,28531.7,15.0,15.0,0.0,0.0,26930.8,31876.1,26367.4,22494.0,54,43,3,387570,0,0,0,1,1,100.0,1.96,140,0.9986646012499333,1.2249999999999999,54,30,2,387570,0,0,0,1,1,100.0,1.96,140,0.9986646012499333,1.2249999999999999
5044,100980,60,1683,1,2,1,1,3,1,31,12.0,2259.6416666666664,48637.7,9.0,0.0,0.0,0.0,46546.8,38521.8,46476.8,21522.0,54,43,3,387570,0,0,0,1,1,100.0,1.96,140,0.9986646012499333,1.2249999999999999,54,30,2,387570,0,0,0,1,1,100.0,1.96,140,0.9986646012499333,1.2249999999999999
6985,113796,36,3161,1,1,2,2,2,1,25,11.0,464.3636363636364,34054.0,8.0,0.0,0.0,0.0,37510.8,35373.4,40812.3,,54,43,3,387570,0,0,0,1,1,100.0,1.96,140,0.9986646012499333,1.2249999999999999,54,30,2,387570,0,0,0,1,1,100.0,1.96,140,0.9986646012499333,1.2249999999999999
6659,56100,60,935,1,0,1,1,1,1,38,13.0,1108.246153846154,15407.2,9.0,0.0,0.0,0.0,14988.6,10747.3,19246.2,15424.0,54,43,3,387570,0,0,0,1,1,100.0,1.96,140,0.9986646012499333,1.2249999999999999,54,30,2,387570,0,0,0,1,1,100.0,1.96,140,0.9986646012499333,1.2249999999999999
6019,11400,12,950,1,0,1,1,1,0,16,11.0,1851.290909090909,27820.2,8.0,8.0,0.0,0.0,29729.5,26175.2,29614.9,,54,43,3,387570,0,0,0,1,1,100.0,1.96,140,0.9986646012499333,1.2249999999999999,54,30,2,387570,0,0,0,1,1,100.0,1.96,140,0.9986646012499333,1.2249999999999999
6011,179328,48,3736,1,0,1,1,0,1,23,9.0,1396.4111111111108,36074.7,6.0,0.0,0.0,0.0,55504.8,47807.2,68265.6,,54,43,3,387570,0,0,0,1,1,100.0,1.96,140,0.9986646012499333,1.2249999999999999,54,30,2,387570,0,0,0,1,1,100.0,1.96,140,0.9986646012499333,1.2249999999999999
6202,65184,12,5432,1,2,1,1,3,1,39,14.0,2464.3857142857137,67995.4,0.0,0.0,0.0,0.0,57739.6,51226.9,65359.9,74134.4,3,44,1,75232,55,26,4,1,5,41.7,2.21,111,0.9961048158640227,1.1333333333333333,54,30,2,387570,0,0,0,1,1,100.0,1.96,140,0.9986646012499333,1.2249999999999999
5519,91632,12,7636,1,2,1,2,3,0,34,11.0,1338.436363636364,33061.9,8.0,0.0,0.0,0.0,32657.2,38350.0,47169.6,,52,35,2,139012,59,41,8,3,10,61.9,3.49,108,1.0916536661466458,1.3849206349206349,7,31,3,94725,38,28,1,3,6,63.4,2.87,130,1.1298671018885522,1.2699115044247788
5750,63252,12,5271,1,0,1,1,2,0,47,22.0,822.0545454545453,49709.2,18.0,0.0,0.0,0.0,59492.1,67194.0,64565.9,23093.3,7,45,1,94725,38,28,1,3,6,63.4,2.87,130,1.1298671018885522,1.2699115044247788,7,31,3,94725,38,28,1,3,6,63.4,2.87,130,1.1298671018885522,1.2699115044247788
6721,21072,24,878,1,2,1,1,3,0,32,3.0,8625.0,33467.0,0.0,0.0,0.0,0.0,32481.3,7592.0,,,17,26,6,74062,99,15,4,2,7,61.4,2.62,119,1.177467597208375,1.1008403361344539,4,32,3,149893,63,29,6,2,6,67.4,5.05,109,1.1235697940503433,1.0883620689655173
6512,63312,48,1319,1,2,1,1,3,0,40,12.0,1990.625,28553.5,8.0,0.0,0.0,0.0,25369.1,15746.5,21186.8,4666.0,31,7,0,51313,34,12,3,1,4,59.2,4.2,108,1.0933734939759037,1.1931818181818181,4,32,3,149893,63,29,6,2,6,67.4,5.05,109,1.1235697940503433,1.0883620689655173
5151,189060,60,3151,1,1,2,1,2,0,38,6.0,4789.100000000001,68945.6,3.0,0.0,0.0,0.0,83540.3,101537.3,40211.0,,4,10,1,149893,63,29,6,2,6,67.4,5.05,109,1.1235697940503433,1.0883620689655173,4,32,3,149893,63,29,6,2,6,67.4,5.05,109,1.1235697940503433,1.0883620689655173
5938,402000,60,6700,1,0,1,1,1,1,16,10.0,1703.2099999999998,17232.1,5.0,0.0,0.0,0.0,16890.4,17120.1,29355.6,,4,10,1,149893,63,29,6,2,6,67.4,5.05,109,1.1235697940503433,1.0883620689655173,4,32,3,149893,63,29,6,2,6,67.4,5.05,109,1.1235697940503433,1.0883620689655173
6751,85716,36,2381,1,0,1,2,0,1,58,4.0,5357.475,36516.9,0.0,0.0,0.0,0.0,31352.7,36081.8,,,17,26,6,74062,99,15,4,2,7,61.4,2.62,119,1.177467597208375,1.1008403361344539,17,33,5,74062,99,15,4,2,7,61.4,2.62,119,1.177467597208375,1.1008403361344539
5624,177744,48,3703,-1,1,1,1,3,1,24,16.0,826.9187499999998,14230.7,0.0,0.0,2.0,0.0,13510.0,21192.7,18446.7,37729.1,59,16,3,108871,41,29,7,2,6,62.1,3.47,106,0.8882466281310211,1.0709876543209877,71,34,4,161227,5,35,11,4,10,69.7,5.57,102,0.9226907630522089,0.9392917369308601
7189,154656,48,3222,1,0,1,1,2,1,40,14.0,1203.6785714285713,37180.5,10.0,0.0,0.0,0.0,34416.7,34287.4,39511.2,51617.0,71,46,5,161227,5,35,11,4,10,69.7,5.57,102,0.9226907630522089,0.9392917369308601,71,34,4,161227,5,35,11,4,10,69.7,5.57,102,0.9226907630522089,0.9392917369308601
7246,148920,60,2482,1,0,0,1,0,1,19,6.0,-2.233333333332363,15278.6,3.0,0.0,0.0,0.0,10145.2,52338.7,15292.0,,59,16,3,108871,41,29,7,2,6,62.1,3.47,106,0.8882466281310211,1.0709876543209877,59,35,2,108871,41,29,7,2,6,62.1,3.47,106,0.8882466281310211,1.0709876543209877
5606,253512,36,7042,-1,0,0,1,0,0,51,6.0,-3874.600000000001,13318.4,2.0,0.0,0.0,0.0,12756.6,80844.2,36566.0,,59,16,3,108871,41,29,7,2,6,62.1,3.47,106,0.8882466281310211,1.0709876543209877,59,35,2,108871,41,29,7,2,6,62.1,3.47,106,0.8882466281310211,1.0709876543209877
6686,224604,36,6239,1,2,1,2,3,1,20,16.0,165.7750000000001,40287.4,0.0,0.0,0.0,0.0,53009.1,82583.0,85393.1,87939.9,31,7,0,51313,34,12,3,1,4,59.2,4.2,108,1.0933734939759037,1.1931818181818181,31,36,0,51313,34,12,3,1,4,59.2,4.2,108,1.0933734939759037,1.1931818181818181
5269,164052,36,4557,-1,2,2,1,3,0,21,11.0,-5808.181818181817,20811.2,0.0,0.0,1.0,0.0,25499.9,-1442.3,32884.2,,31,7,0,51313,34,12,3,1,4,59.2,4.2,108,1.0933734939759037,1.1931818181818181,31,36,0,51313,34,12,3,1,4,59.2,4.2,108,1.0933734939759037,1.1931818181818181
5413,92976,24,3874,1,1,0,2,2,0,26,18.0,1179.5444444444447,21531.8,11.0,0.0,0.0,0.0,73092.7,55623.6,36802.8,49788.8,31,7,0,51313,34,12,3,1,4,59.2,4.2,108,1.0933734939759037,1.1931818181818181,31,36,0,51313,34,12,3,1,4,59.2,4.2,108,1.0933734939759037,1.1931818181818181
6949,104712,24,4363,1,1,0,2,2,0,26,18.0,1656.405555555556,30115.3,11.0,0.0,0.0,0.0,81840.7,52255.7,44577.8,49788.8,31,7,0,51313,34,12,3,1,4,59.2,4.2,108,1.0933734939759037,1.1931818181818181,31,36,0,51313,34,12,3,1,4,59.2,4.2,108,1.0933734939759037,1.1931818181818181
6303,72408,24,3017,-1,0,2,1,1,0,38,3.0,-15751.866666666667,36363.9,0.0,0.0,0.0,0.0,33952.5,83619.5,,,31,7,0,51313,34,12,3,1,4,59.2,4.2,108,1.0933734939759037,1.1931818181818181,31,36,0,51313,34,12,3,1,4,59.2,4.2,108,1.0933734939759037,1.1931818181818181
5312,202788,36,5633,1,0,0,1,1,0,43,12.0,2693.716666666667,81623.6,9.0,0.0,0.0,0.0,75031.1,58920.9,45640.6,49299.0,31,7,0,51313,34,12,3,1,4,59.2,4.2,108,1.0933734939759037,1.1931818181818181,31,36,0,51313,34,12,3,1,4,59.2,4.2,108,1.0933734939759037,1.1931818181818181
5388,61560,12,5130,1,0,0,1,0,1,53,10.0,-1092.5900000000008,20051.1,7.0,6.0,0.0,0.0,10388.1,28637.3,38023.9,,31,7,0,51313,34,12,3,1,4,59.2,4.2,108,1.0933734939759037,1.1931818181818181,31,36,0,51313,34,12,3,1,4,59.2,4.2,108,1.0933734939759037,1.1931818181818181
6306,36684,12,3057,1,2,1,1,3,0,18,20.0,1101.25,35093.0,16.0,0.0,0.0,0.0,41571.6,32392.0,35039.5,28205.2,70,37,5,285387,0,2,8,5,7,89.9,7.75,81,1.023284065600324,1.1689291101055808,31,36,0,51313,34,12,3,1,4,59.2,4.2,108,1.0933734939759037,1.1931818181818181
7262,182628,36,5073,1,2,1,1,3,1,37,4.0,11290.225,45660.9,0.0,0.0,0.0,0.0,39646.0,21969.0,,,75,47,5,138032,67,30,4,2,5,64.6,5.66,99,1.1087866108786613,1.0520446096654275,75,37,4,138032,67,30,4,2,5,64.6,5.66,99,1.1087866108786613,1.0520446096654275
6577,51696,24,2154,1,2,1,1,3,0,28,12.0,-765.2833333333328,38202.2,0.0,0.0,0.0,0.0,22708.9,28812.0,56780.2,47385.6,74,17,5,323870,0,0,0,1,1,100.0,5.44,100,0.9768395272069003,1.145263157894737,74,38,4,323870,0,0,0,1,1,100.0,5.44,100,0.9768395272069003,1.145263157894737
6738,230220,36,6395,-1,2,1,1,3,0,54,11.0,493.22727272727275,6325.5,9.0,0.0,3.0,0.0,7633.1,11440.6,-2656.7,,74,17,5,323870,0,0,0,1,1,100.0,5.44,100,0.9768395272069003,1.145263157894737,74,38,4,323870,0,0,0,1,1,100.0,5.44,100,0.9768395272069003,1.145263157894737
6253,59760,24,2490,1,2,1,2,3,1,38,10.0,4083.31,41133.1,5.0,0.0,0.0,0.0,38585.3,39009.4,46605.1,,74,17,5,323870,0,0,0,1,1,100.0,5.44,100,0.9768395272069003,1.145263157894737,74,38,4,323870,0,0,0,1,1,100.0,5.44,100,0.9768395272069003,1.145263157894737
6272,398640,60,6644,1,2,0,1,3,0,36,16.0,1190.93125,59316.9,0.0,0.0,0.0,0.0,64634.1,95697.3,37389.4,72389.5,74,17,5,323870,0,0,0,1,1,100.0,5.44,100,0.9768395272069003,1.145263157894737,74,38,4,323870,0,0,0,1,1,100.0,5.44,100,0.9768395272069003,1.145263157894737
5876,221280,48,4610,1,1,0,2,2,1,28,12.0,2520.391666666667,31344.7,7.0,0.0,0.0,0.0,39845.2,28393.3,32799.5,1100.0,74,17,5,323870,0,0,0,1,1,100.0,5.44,100,0.9768395272069003,1.145263157894737,74,38,4,323870,0,0,0,1,1,100.0,5.44,100,0.9768395272069003,1.145263157894737
6986,151728,48,3161,-1,1,1,1,2,1,20,8.0,3186.0875000000015,26488.7,0.0,0.0,5.0,0.0,1324.4,63725.9,82784.6,,74,17,5,323870,0,0,0,1,1,100.0,5.44,100,0.9768395272069003,1.145263157894737,74,38,4,323870,0,0,0,1,1,100.0,5.44,100,0.9768395272069003,1.145263157894737
6950,104712,24,4363,1,1,1,1,3,1,52,22.0,-2319.6727272727276,21801.2,22.0,0.0,0.0,0.0,35261.5,71604.9,40269.8,86328.7,74,17,5,323870,0,0,0,1,1,100.0,5.44,100,0.9768395272069003,1.145263157894737,74,38,4,323870,0,0,0,1,1,100.0,5.44,100,0.9768395272069003,1.145263157894737
6403,194880,48,4060,1,1,1,1,2,1,17,18.0,-323.8333333333333,31007.0,14.0,0.0,0.0,0.0,33717.6,27728.2,26292.2,27261.1,74,17,5,323870,0,0,0,1,1,100.0,5.44,100,0.9768395272069003,1.145263157894737,74,38,4,323870,0,0,0,1,1,100.0,5.44,100,0.9768395272069003,1.145263157894737
6178,232560,48,4845,1,1,2,1,1,0,26,5.0,2079.2999999999993,41243.5,0.0,0.0,0.0,0.0,59877.2,87840.2,,,74,17,5,323870,0,0,0,1,1,100.0,5.44,100,0.9768395272069003,1.145263157894737,74,38,4,323870,0,0,0,1,1,100.0,5.44,100,0.9768395272069003,1.145263157894737
5563,380160,60,6336,1,0,1,1,2,1,47,19.0,1234.1894736842098,24549.6,0.0,0.0,0.0,0.0,29173.7,62384.8,55646.3,85132.7,74,17,5,323870,0,0,0,1,1,100.0,5.44,100,0.9768395272069003,1.145263157894737,74,38,4,323870,0,0,0,1,1,100.0,5.44,100,0.9768395272069003,1.145263157894737
6297,17508,12,1459,1,2,1,1,3,1,50,14.0,2529.0714285714284,48027.0,0.0,0.0,0.0,0.0,49181.9,50704.3,48109.5,38382.8,12,12,1,107870,84,29,6,1,6,58.0,4.31,137,1.0168243953732914,1.1253263707571801,74,38,4,323870,0,0,0,1,1,100.0,5.44,100,0.9768395272069003,1.145263157894737
6520,91200,24,3800,1,2,1,2,3,0,41,7.0,1316.6142857142852,32715.3,3.0,0.0,0.0,0.0,14892.9,42538.9,46614.0,,39,18,7,119895,17,4,3,2,4,89.9,9.4,90,0.9587628865979382,1.2806539509536785,39,39,7,119895,17,4,3,2,4,89.9,9.4,90,0.9587628865979382,1.2806539509536785
5880,73836,36,2051,1,1,1,1,1,0,29,6.0,11092.183333333334,67453.1,0.0,0.0,0.0,0.0,45377.5,45594.8,900.0,,39,18,7,119895,17,4,3,2,4,89.9,9.4,90,0.9587628865979382,1.2806539509536785,39,39,7,119895,17,4,3,2,4,89.9,9.4,90,0.9587628865979382,1.2806539509536785
5125,73056,48,1522,1,1,1,2,1,1,26,9.0,1705.9666666666667,21545.7,5.0,0.0,0.0,0.0,24364.3,25435.7,32750.6,,39,18,7,119895,17,4,3,2,4,89.9,9.4,90,0.9587628865979382,1.2806539509536785,39,39,7,119895,17,4,3,2,4,89.9,9.4,90,0.9587628865979382,1.2806539509536785
7130,123408,24,5142,1,0,2,1,1,1,32,12.0,-4871.241666666666,8357.1,6.0,6.0,0.0,0.0,7273.5,4686.3,32507.6,46700.0,39,18,7,119895,17,4,3,2,4,89.9,9.4,90,0.9587628865979382,1.2806539509536785,39,39,7,119895,17,4,3,2,4,89.9,9.4,90,0.9587628865979382,1.2806539509536785
6699,7656,24,319,1,2,1,2,3,0,34,11.0,1330.4636363636362,36353.1,8.0,0.0,0.0,0.0,50240.9,69161.1,58877.7,,48,48,2,78955,50,24,8,1,9,59.0,2.44,124,1.0374622356495469,1.3707865168539326,48,40,1,78955,50,24,8,1,9,59.0,2.44,124,1.0374622356495469,1.3707865168539326
5713,158760,60,2646,1,1,1,1,3,1,18,22.0,831.0136363636361,19182.3,17.0,17.0,0.0,0.0,24528.4,25815.2,28878.9,28229.7,48,48,2,78955,50,24,8,1,9,59.0,2.44,124,1.0374622356495469,1.3707865168539326,48,40,1,78955,50,24,8,1,9,59.0,2.44,124,1.0374622356495469,1.3707865168539326
6302,181020,60,3017,1,0,1,2,1,0,30,18.0,2334.777777777778,42526.0,0.0,0.0,0.0,0.0,45114.9,39769.7,36427.6,41694.8,48,48,2,78955,50,24,8,1,9,59.0,2.44,124,1.0374622356495469,1.3707865168539326,48,40,1,78955,50,24,8,1,9,59.0,2.44,124,1.0374622356495469,1.3707865168539326
6358,137880,60,2298,-1,1,0,1,3,1,33,16.0,1235.425,19966.8,0.0,0.0,0.0,0.0,31887.7,17311.2,18109.3,52658.4,72,8,5,226122,32,50,7,4,4,62.6,4.79,110,0.9520264681555005,1.2605263157894737,48,40,1,78955,50,24,8,1,9,59.0,2.44,124,1.0374622356495469,1.3707865168539326
6336,212400,36,5900,1,2,0,1,3,0,30,12.0,303.2166666666665,64221.1,0.0,0.0,0.0,0.0,91642.3,60562.4,90579.8,60511.0,38,49,7,85852,41,23,4,2,4,59.8,8.23,104,1.0637014700339238,1.1624293785310735,38,41,7,85852,41,23,4,2,4,59.8,8.23,104,1.0637014700339238,1.1624293785310735
6279,87360,24,3640,1,2,1,1,3,1,34,10.0,2887.25,29072.5,0.0,0.0,0.0,0.0,45175.0,35421.9,24794.8,,38,49,7,85852,41,23,4,2,4,59.8,8.23,104,1.0637014700339238,1.1624293785310735,38,41,7,85852,41,23,4,2,4,59.8,8.23,104,1.0637014700339238,1.1624293785310735
5723,23628,12,1969,1,2,1,1,3,1,42,17.0,3021.6823529411768,64096.3,12.0,0.0,0.0,0.0,64101.7,51239.7,43580.4,73849.7,38,49,7,85852,41,23,4,2,4,59.8,8.23,104,1.0637014700339238,1.1624293785310735,38,41,7,85852,41,23,4,2,4,59.8,8.23,104,1.0637014700339238,1.1624293785310735
6591,20832,48,434,1,1,1,1,3,1,48,18.0,965.9499999999999,17887.1,13.0,13.0,0.0,0.0,24502.2,23842.8,22620.7,19152.4,38,49,7,85852,41,23,4,2,4,59.8,8.23,104,1.0637014700339238,1.1624293785310735,38,41,7,85852,41,23,4,2,4,59.8,8.23,104,1.0637014700339238,1.1624293785310735
5212,71064,36,1974,1,1,1,1,2,0,50,12.0,1285.4166666666667,31397.0,9.0,0.0,0.0,0.0,37168.2,26671.3,38037.2,15972.0,38,49,7,85852,41,23,4,2,4,59.8,8.23,104,1.0637014700339238,1.1624293785310735,38,41,7,85852,41,23,4,2,4,59.8,8.23,104,1.0637014700339238,1.1624293785310735
5610,123216,48,2567,1,0,1,2,2,0,19,18.0,2564.544444444445,77580.8,11.0,0.0,0.0,0.0,91742.7,55943.4,86799.1,43259.3,38,49,7,85852,41,23,4,2,4,59.8,8.23,104,1.0637014700339238,1.1624293785310735,38,41,7,85852,41,23,4,2,4,59.8,8.23,104,1.0637014700339238,1.1624293785310735
6961,176148,36,4893,1,0,1,1,0,0,33,4.0,13123.15,53592.6,0.0,0.0,0.0,0.0,48902.3,30415.9,,,38,49,7,85852,41,23,4,2,4,59.8,8.23,104,1.0637014700339238,1.1624293785310735,38,41,7,85852,41,23,4,2,4,59.8,8.23,104,1.0637014700339238,1.1624293785310735
6421,96768,36,2688,1,0,1,2,1,0,28,11.0,2180.945454545456,37396.4,7.0,0.0,0.0,0.0,43393.8,71901.1,56814.3,,38,49,7,85852,41,23,4,2,4,59.8,8.23,104,1.0637014700339238,1.1624293785310735,38,41,7,85852,41,23,4,2,4,59.8,8.23,104,1.0637014700339238,1.1624293785310735
6296,270384,48,5633,1,0,1,1,1,1,34,14.0,459.9357142857142,57835.1,10.0,0.0,0.0,0.0,52876.8,58815.5,60444.9,79075.6,3,44,1,75232,55,26,4,1,5,41.7,2.21,111,0.9961048158640227,1.1333333333333333,3,42,3,75232,55,26,4,1,5,41.7,2.21,111,0.9961048158640227,1.1333333333333333
7198,45768,12,3814,1,2,0,1,3,0,19,8.0,4920.5625,54427.5,0.0,0.0,0.0,0.0,30481.3,33067.7,23307.2,,72,8,5,226122,32,50,7,4,4,62.6,4.79,110,0.9520264681555005,1.2605263157894737,67,43,4,106054,38,25,6,2,6,63.1,6.55,109,0.9491368680641185,1.1351819757365684
5395,299088,36,8308,-1,2,1,1,3,0,30,13.0,-1316.8076923076924,19448.5,12.0,0.0,0.0,0.0,33009.1,62730.5,21447.2,71267.2,67,50,5,106054,38,25,6,2,6,63.1,6.55,109,0.9491368680641185,1.1351819757365684,67,43,4,106054,38,25,6,2,6,63.1,6.55,109,0.9491368680641185,1.1351819757365684
7308,129408,24,5392,1,0,1,1,1,0,34,14.0,1657.107142857143,24199.5,10.0,10.0,0.0,0.0,26742.8,20419.9,37530.6,44303.1,67,50,5,106054,38,25,6,2,6,63.1,6.55,109,0.9491368680641185,1.1351819757365684,67,43,4,106054,38,25,6,2,6,63.1,6.55,109,0.9491368680641185,1.1351819757365684
5130,24312,12,2026,1,2,1,1,3,0,41,14.0,215.60000000000016,28461.9,0.0,0.0,0.0,0.0,29283.1,20296.4,26074.5,30530.3,16,51,6,93931,74,21,10,1,8,56.9,1.54,107,1.020811099252935,1.375,16,44,5,93931,74,21,10,1,8,56.9,1.54,107,1.020811099252935,1.375
5390,170256,24,7094,1,2,1,1,3,0,31,14.0,3078.7714285714287,43302.8,10.0,0.0,0.0,0.0,46303.0,46609.0,24758.7,39419.9,16,51,6,93931,74,21,10,1,8,56.9,1.54,107,1.020811099252935,1.375,16,44,5,93931,74,21,10,1,8,56.9,1.54,107,1.020811099252935,1.375
6342,60156,36,1671,-1,1,1,1,1,1,20,7.0,19923.685714285708,159712.8,4.0,0.0,0.0,0.0,71381.3,41180.2,22962.9,,16,51,6,93931,74,21,10,1,8,56.9,1.54,107,1.020811099252935,1.375,16,44,5,93931,74,21,10,1,8,56.9,1.54,107,1.020811099252935,1.375
4973,165960,24,6915,1,0,1,1,2,0,52,18.0,-1027.011111111111,23703.8,14.0,0.0,0.0,0.0,22495.2,49592.2,49192.6,45374.0,16,51,6,93931,74,21,10,1,8,56.9,1.54,107,1.020811099252935,1.375,16,44,5,93931,74,21,10,1,8,56.9,1.54,107,1.020811099252935,1.375
6354,22968,36,638,1,0,1,1,0,0,46,3.0,9892.0,38831.0,0.0,0.0,0.0,0.0,26007.8,9155.0,,,16,51,6,93931,74,21,10,1,8,56.9,1.54,107,1.020811099252935,1.375,16,44,5,93931,74,21,10,1,8,56.9,1.54,107,1.020811099252935,1.375
7233,115812,36,3217,1,0,1,1,1,1,43,19.0,-297.15263157894896,41878.1,0.0,0.0,0.0,0.0,35876.5,111043.8,66009.2,41772.6,16,51,6,93931,74,21,10,1,8,56.9,1.54,107,1.020811099252935,1.375,16,44,5,93931,74,21,10,1,8,56.9,1.54,107,1.020811099252935,1.375
5568,272520,60,4542,1,2,1,2,3,1,57,10.0,-2940.9399999999996,30009.9,10.0,0.0,0.0,0.0,42852.6,32057.1,121891.4,,10,52,1,92084,55,29,4,3,5,46.7,0.54,141,1.1328083989501312,0.9642857142857143,10,45,3,92084,55,29,4,3,5,46.7,0.54,141,1.1328083989501312,0.9642857142857143
6841,172080,48,3585,1,2,1,1,2,0,39,6.0,4907.783333333334,58224.0,0.0,0.0,0.0,0.0,66715.1,59179.7,28777.3,,10,52,1,92084,55,29,4,3,5,46.7,0.54,141,1.1328083989501312,0.9642857142857143,10,45,3,92084,55,29,4,3,5,46.7,0.54,141,1.1328083989501312,0.9642857142857143
6157,98592,24,4108,1,1,2,1,1,0,33,5.0,7410.639999999999,62671.9,2.0,0.0,0.0,0.0,56738.7,60822.5,,,10,52,1,92084,55,29,4,3,5,46.7,0.54,141,1.1328083989501312,0.9642857142857143,10,45,3,92084,55,29,4,3,5,46.7,0.54,141,1.1328083989501312,0.9642857142857143
5591,155616,48,3242,1,0,1,1,0,0,37,7.0,3449.585714285714,24447.1,0.0,0.0,0.0,0.0,34244.2,40526.7,22086.6,,10,52,1,92084,55,29,4,3,5,46.7,0.54,141,1.1328083989501312,0.9642857142857143,10,45,3,92084,55,29,4,3,5,46.7,0.54,141,1.1328083989501312,0.9642857142857143
6998,97632,12,8136,1,2,1,1,3,0,28,9.0,-953.9888888888898,41330.1,6.0,0.0,0.0,0.0,36694.6,51813.5,65832.0,,21,53,6,103347,87,16,7,1,7,67.0,2.07,123,1.0239234449760766,1.3708609271523178,20,46,5,70646,94,14,3,1,4,58.4,3.64,120,0.9865642994241843,1.3735849056603775
5176,192552,24,8023,-1,2,0,1,3,0,33,14.0,1532.5357142857142,22255.5,0.0,0.0,0.0,0.0,28375.0,14748.8,35823.9,24038.2,20,54,6,70646,94,14,3,1,4,58.4,3.64,120,0.9865642994241843,1.3735849056603775,20,46,5,70646,94,14,3,1,4,58.4,3.64,120,0.9865642994241843,1.3735849056603775
6712,266220,60,4437,1,1,1,1,2,0,31,17.0,2191.741176470588,38159.6,13.0,13.0,0.0,0.0,45475.0,26593.2,24178.6,38695.4,20,54,6,70646,94,14,3,1,4,58.4,3.64,120,0.9865642994241843,1.3735849056603775,20,46,5,70646,94,14,3,1,4,58.4,3.64,120,0.9865642994241843,1.3735849056603775
6013,128988,36,3583,-1,0,0,1,2,1,57,18.0,500.5666666666669,9710.2,0.0,0.0,1.0,0.0,38945.0,52467.8,47446.8,38748.7,20,54,6,70646,94,14,3,1,4,58.4,3.64,120,0.9865642994241843,1.3735849056603775,20,46,5,70646,94,14,3,1,4,58.4,3.64,120,0.9865642994241843,1.3735849056603775
6715,220620,60,3677,1,0,1,1,2,0,53,17.0,1484.270588235294,26332.6,12.0,0.0,0.0,0.0,29066.4,26640.9,26837.5,66960.9,20,54,6,70646,94,14,3,1,4,58.4,3.64,120,0.9865642994241843,1.3735849056603775,20,46,5,70646,94,14,3,1,4,58.4,3.64,120,0.9865642994241843,1.3735849056603775
6545,191880,60,3198,1,1,1,1,1,1,47,9.0,8680.111111111111,78521.0,8.0,0.0,0.0,0.0,38396.4,33437.4,40631.2,,21,53,6,103347,87,16,7,1,7,67.0,2.07,123,1.0239234449760766,1.3708609271523178,21,47,5,103347,87,16,7,1,7,67.0,2.07,123,1.0239234449760766,1.3708609271523178
6501,30276,12,2523,-1,0,1,1,1,0,57,12.0,732.608333333333,24930.3,8.0,0.0,0.0,0.0,42007.0,32809.7,37871.0,16139.0,21,53,6,103347,87,16,7,1,7,67.0,2.07,123,1.0239234449760766,1.3708609271523178,21,47,5,103347,87,16,7,1,7,67.0,2.07,123,1.0239234449760766,1.3708609271523178
4961,30276,12,2523,-1,0,1,1,1,0,57,12.0,-23.75,15854.0,8.0,0.0,0.0,0.0,35162.2,36224.4,33262.3,16139.0,21,53,6,103347,87,16,7,1,7,67.0,2.07,123,1.0239234449760766,1.3708609271523178,21,47,5,103347,87,16,7,1,7,67.0,2.07,123,1.0239234449760766,1.3708609271523178
6580,196080,48,4085,1,2,1,1,3,1,38,7.0,6629.199999999998,86857.4,0.0,0.0,0.0,0.0,32134.1,25004.2,80765.8,,23,55,0,87419,21,11,4,3,9,85.5,2.66,102,1.110802361931226,1.4860335195530727,23,48,0,87419,21,11,4,3,9,85.5,2.66,102,1.110802361931226,1.4860335195530727
6729,74688,12,6224,1,2,1,2,3,0,51,16.0,-594.5437500000003,28933.3,12.0,0.0,0.0,0.0,36569.8,15974.1,18808.7,104902.4,23,55,0,87419,21,11,4,3,9,85.5,2.66,102,1.110802361931226,1.4860335195530727,23,48,0,87419,21,11,4,3,9,85.5,2.66,102,1.110802361931226,1.4860335195530727
6407,25944,24,1081,1,2,1,1,3,0,36,8.0,5575.737499999999,69398.9,0.0,0.0,0.0,0.0,46044.9,42600.6,63514.0,,41,56,7,118650,8,8,5,1,3,85.6,4.48,114,0.8488750969743987,1.349397590361446,41,49,7,118650,8,8,5,1,3,85.6,4.48,114,0.8488750969743987,1.349397590361446
7166,198240,24,8260,1,1,1,1,1,1,40,4.0,7843.549999999999,44644.2,1.0,0.0,0.0,0.0,45357.5,32283.0,,,41,56,7,118650,8,8,5,1,3,85.6,4.48,114,0.8488750969743987,1.349397590361446,41,49,7,118650,8,8,5,1,3,85.6,4.48,114,0.8488750969743987,1.349397590361446
5002,104808,12,8734,1,2,1,2,3,1,57,5.0,309.08000000000027,28015.4,2.0,2.0,0.0,0.0,41885.3,52226.2,,,66,57,3,125832,151,41,2,3,5,48.3,4.12,102,0.9359145527369827,1.173789173789174,66,50,2,125832,151,41,2,3,5,48.3,4.12,102,0.9359145527369827,1.173789173789174
7137,151560,24,6315,1,2,1,1,3,1,43,6.0,3503.8666666666663,21323.2,1.0,0.0,0.0,0.0,46306.4,59086.1,300.0,,66,57,3,125832,151,41,2,3,5,48.3,4.12,102,0.9359145527369827,1.173789173789174,66,50,2,125832,151,41,2,3,5,48.3,4.12,102,0.9359145527369827,1.173789173789174
5836,79632,24,3318,1,2,1,1,2,0,37,4.0,13563.125,99262.5,1.0,0.0,0.0,0.0,82153.9,79632.5,,,66,57,3,125832,151,41,2,3,5,48.3,4.12,102,0.9359145527369827,1.173789173789174,66,50,2,125832,151,41,2,3,5,48.3,4.12,102,0.9359145527369827,1.173789173789174
5970,465072,48,9689,1,1,1,2,2,1,48,17.0,788.8470588235296,37152.4,13.0,0.0,0.0,0.0,39833.5,25505.4,31231.6,36536.2,66,57,3,125832,151,41,2,3,5,48.3,4.12,102,0.9359145527369827,1.173789173789174,66,50,2,125832,151,41,2,3,5,48.3,4.12,102,0.9359145527369827,1.173789173789174
6109,368880,60,6148,1,0,1,2,2,1,22,19.0,4615.247368421053,105712.4,16.0,16.0,0.0,0.0,90323.6,38645.1,23894.4,66996.1,66,57,3,125832,151,41,2,3,5,48.3,4.12,102,0.9359145527369827,1.173789173789174,66,50,2,125832,151,41,2,3,5,48.3,4.12,102,0.9359145527369827,1.173789173789174
5918,300204,36,8339,1,2,1,1,3,1,32,11.0,471.2909090909095,33932.8,8.0,0.0,0.0,0.0,31601.7,26045.3,34660.8,,57,19,3,161954,21,37,20,3,8,48.0,4.5,116,0.9790828640386162,1.2064343163538873,27,51,0,67298,71,19,10,0,7,43.8,1.29,110,1.0952380952380953,1.9846153846153847
5923,64656,48,1347,1,0,1,2,0,1,49,4.0,11137.25,44749.0,0.0,0.0,0.0,0.0,21989.3,19509.0,,,27,30,0,67298,71,19,10,0,7,43.8,1.29,110,1.0952380952380953,1.9846153846153847,27,51,0,67298,71,19,10,0,7,43.8,1.29,110,1.0952380952380953,1.9846153846153847
6150,83016,12,6918,1,2,1,1,3,1,17,20.0,459.12000000000046,67405.6,18.0,0.0,0.0,0.0,91246.6,95566.4,84155.4,50717.9,57,19,3,161954,21,37,20,3,8,48.0,4.5,116,0.9790828640386162,1.2064343163538873,70,52,4,285387,0,2,8,5,7,89.9,7.75,81,1.023284065600324,1.1689291101055808
6694,134784,24,5616,1,1,1,1,2,0,56,9.0,362.7444444444449,16218.7,0.0,0.0,0.0,0.0,21196.1,48914.2,51510.4,,70,37,5,285387,0,2,8,5,7,89.9,7.75,81,1.023284065600324,1.1689291101055808,70,52,4,285387,0,2,8,5,7,89.9,7.75,81,1.023284065600324,1.1689291101055808
7263,89880,24,3745,1,0,0,1,1,1,33,4.0,1518.5750000000007,39079.5,0.0,0.0,0.0,0.0,61404.2,70081.4,,,70,37,5,285387,0,2,8,5,7,89.9,7.75,81,1.023284065600324,1.1689291101055808,70,52,4,285387,0,2,8,5,7,89.9,7.75,81,1.023284065600324,1.1689291101055808
6816,100224,48,2088,-1,0,1,1,1,0,39,3.0,3965.033333333333,31387.1,0.0,0.0,0.0,0.0,40269.2,19492.0,,,70,37,5,285387,0,2,8,5,7,89.9,7.75,81,1.023284065600324,1.1689291101055808,70,52,4,285387,0,2,8,5,7,89.9,7.75,81,1.023284065600324,1.1689291101055808
5452,49440,60,824,1,0,1,1,1,0,30,14.0,1747.8285714285714,45021.6,11.0,10.0,0.0,0.0,45140.6,56037.3,57948.8,53489.8,70,37,5,285387,0,2,8,5,7,89.9,7.75,81,1.023284065600324,1.1689291101055808,70,52,4,285387,0,2,8,5,7,89.9,7.75,81,1.023284065600324,1.1689291101055808
6190,123600,60,2060,1,0,1,2,1,1,29,9.0,-4089.1777777777775,15520.2,0.0,0.0,0.0,0.0,13020.0,17870.7,59530.3,,70,37,5,285387,0,2,8,5,7,89.9,7.75,81,1.023284065600324,1.1689291101055808,70,52,4,285387,0,2,8,5,7,89.9,7.75,81,1.023284065600324,1.1689291101055808
6921,86184,12,7182,1,0,1,1,0,0,56,7.0,-48.92857142857143,43157.5,3.0,0.0,0.0,0.0,60490.5,98394.5,75150.2,,70,37,5,285387,0,2,8,5,7,89.9,7.75,81,1.023284065600324,1.1689291101055808,70,52,4,285387,0,2,8,5,7,89.9,7.75,81,1.023284065600324,1.1689291101055808
5366,86184,12,7182,1,0,1,1,0,0,56,7.0,-548.4571428571425,39660.8,3.0,0.0,0.0,0.0,57795.3,98394.5,75150.2,,70,37,5,285387,0,2,8,5,7,89.9,7.75,81,1.023284065600324,1.1689291101055808,70,52,4,285387,0,2,8,5,7,89.9,7.75,81,1.023284065600324,1.1689291101055808
6805,45024,48,938,1,0,1,1,0,0,39,6.0,991.3000000000005,38384.3,3.0,0.0,0.0,0.0,50549.6,60093.3,32436.5,,70,37,5,285387,0,2,8,5,7,89.9,7.75,81,1.023284065600324,1.1689291101055808,70,52,4,285387,0,2,8,5,7,89.9,7.75,81,1.023284065600324,1.1689291101055808
5445,46320,24,1930,1,0,1,1,1,1,17,17.0,-541.0705882352935,26652.7,16.0,16.0,0.0,0.0,13766.4,57639.7,106265.5,70480.9,33,20,7,133777,24,17,7,3,11,84.7,7.61,116,1.0449462365591398,1.3234782608695652,33,53,7,133777,24,17,7,3,11,84.7,7.61,116,1.0449462365591398,1.3234782608695652
5837,244560,60,4076,1,2,1,1,3,0,29,8.0,2540.7625,21326.1,4.0,0.0,0.0,0.0,31136.4,28692.5,45898.4,,58,58,3,109164,98,16,6,1,4,63.6,3.95,96,1.1170886075949369,1.168639053254438,56,54,2,124605,11,42,14,1,8,46.0,4.98,126,1.1065171688857744,1.0618336886993602
6232,276660,36,7685,-1,2,1,1,3,1,47,10.0,1429.6200000000001,19783.2,7.0,0.0,0.0,0.0,17221.4,18907.3,31913.5,,56,59,3,124605,11,42,14,1,8,46.0,4.98,126,1.1065171688857744,1.0618336886993602,56,54,2,124605,11,42,14,1,8,46.0,4.98,126,1.1065171688857744,1.0618336886993602
5032,123696,48,2577,1,2,1,1,3,1,56,11.0,2262.472727272727,25187.2,6.0,0.0,0.0,0.0,31615.1,36182.8,77401.1,,56,59,3,124605,11,42,14,1,8,46.0,4.98,126,1.1065171688857744,1.0618336886993602,56,54,2,124605,11,42,14,1,8,46.0,4.98,126,1.1065171688857744,1.0618336886993602
6836,189300,60,3155,1,2,1,1,3,1,43,13.0,1820.8769230769233,24471.4,9.0,0.0,0.0,0.0,12986.3,31918.8,19388.3,21742.0,58,58,3,109164,98,16,6,1,4,63.6,3.95,96,1.1170886075949369,1.168639053254438,47,55,1,162580,83,26,5,1,6,72.8,1.81,111,0.8899490047705215,1.1986754966887418
6227,28248,24,1177,1,1,1,1,3,0,26,18.0,1851.6166666666666,33729.1,0.0,0.0,0.0,0.0,40200.9,39669.0,42176.8,43486.8,47,5,2,162580,83,26,5,1,6,72.8,1.81,111,0.8899490047705215,1.1986754966887418,47,55,1,162580,83,26,5,1,6,72.8,1.81,111,0.8899490047705215,1.1986754966887418
5989,213300,36,5925,1,0,1,1,1,1,32,10.0,2694.13,27341.3,5.0,0.0,0.0,0.0,17050.2,32891.7,38190.2,,47,5,2,162580,83,26,5,1,6,72.8,1.81,111,0.8899490047705215,1.1986754966887418,47,55,1,162580,83,26,5,1,6,72.8,1.81,111,0.8899490047705215,1.1986754966887418
6732,174048,48,3626,1,0,1,1,1,0,44,11.0,4867.309090909091,54140.4,0.0,0.0,0.0,0.0,56724.3,51546.5,75709.6,,47,5,2,162580,83,26,5,1,6,72.8,1.81,111,0.8899490047705215,1.1986754966887418,47,55,1,162580,83,26,5,1,6,72.8,1.81,111,0.8899490047705215,1.1986754966887418
6043,20352,48,424,1,0,1,2,1,0,48,9.0,1390.611111111111,21281.5,5.0,0.0,0.0,0.0,28130.9,30517.6,43804.2,,58,58,3,109164,98,16,6,1,4,63.6,3.95,96,1.1170886075949369,1.168639053254438,58,56,2,109164,98,16,6,1,4,63.6,3.95,96,1.1170886075949369,1.168639053254438
6594,189696,24,7904,-1,2,1,1,2,0,26,3.0,7300.0,22500.0,0.0,0.0,0.0,0.0,19000.0,600.0,,,60,22,3,110643,49,41,4,1,4,51.9,4.48,115,1.1985098456625867,1.2985507246376813,60,57,2,110643,49,41,4,1,4,51.9,4.48,115,1.1985098456625867,1.2985507246376813
5887,192744,36,5354,1,2,1,2,3,0,25,16.0,1769.94375,29019.1,0.0,0.0,0.0,0.0,29294.1,34567.3,54623.4,59990.8,60,22,3,110643,49,41,4,1,4,51.9,4.48,115,1.1985098456625867,1.2985507246376813,60,57,2,110643,49,41,4,1,4,51.9,4.48,115,1.1985098456625867,1.2985507246376813
5495,89340,60,1489,1,0,1,2,1,0,25,8.0,3682.9249999999997,41537.2,5.0,0.0,0.0,0.0,49195.4,40636.1,42507.8,,60,22,3,110643,49,41,4,1,4,51.9,4.48,115,1.1985098456625867,1.2985507246376813,60,57,2,110643,49,41,4,1,4,51.9,4.48,115,1.1985098456625867,1.2985507246376813
7013,89340,60,1489,1,0,1,2,1,0,25,8.0,3771.0499999999997,42242.2,5.0,0.0,0.0,0.0,49806.9,42842.4,42507.8,,60,22,3,110643,49,41,4,1,4,51.9,4.48,115,1.1985098456625867,1.2985507246376813,60,57,2,110643,49,41,4,1,4,51.9,4.48,115,1.1985098456625867,1.2985507246376813
7136,54396,36,1511,1,0,1,1,0,1,57,6.0,5901.466666666667,36208.8,0.0,0.0,0.0,0.0,34983.7,30149.0,800.0,,60,22,3,110643,49,41,4,1,4,51.9,4.48,115,1.1985098456625867,1.2985507246376813,60,57,2,110643,49,41,4,1,4,51.9,4.48,115,1.1985098456625867,1.2985507246376813
5595,82896,12,6908,1,2,1,2,3,1,24,15.0,4226.706666666666,64300.6,11.0,11.0,0.0,0.0,69564.4,35361.7,25755.7,99061.1,49,33,2,75685,31,28,5,1,9,60.8,2.26,155,1.2789156626506024,1.1957671957671958,60,57,2,110643,49,41,4,1,4,51.9,4.48,115,1.1985098456625867,1.2985507246376813
5208,99696,48,2077,-1,1,1,1,3,0,25,20.0,1633.3400000000001,32966.8,0.0,0.0,1.0,0.0,15940.0,41944.2,34503.5,127684.9,65,39,3,114200,101,41,4,1,4,43.7,5.72,105,1.2600834492350486,0.9965156794425086,25,58,0,88757,60,33,3,2,10,61.7,2.68,113,1.2173435784851812,1.0850202429149798
5861,51408,24,2142,1,2,1,1,3,1,47,12.0,4026.116666666667,49213.4,0.0,0.0,0.0,0.0,19986.6,55153.3,31569.0,900.0,29,60,0,45714,52,10,5,1,6,55.6,3.6,113,1.0855745721271395,1.2765957446808511,29,59,0,45714,52,10,5,1,6,55.6,3.6,113,1.0855745721271395,1.2765957446808511
5418,347952,48,7249,1,1,1,1,3,0,32,21.0,2726.0142857142864,57546.3,0.0,0.0,0.0,0.0,32155.5,38375.1,42654.2,25168.3,29,60,0,45714,52,10,5,1,6,55.6,3.6,113,1.0855745721271395,1.2765957446808511,29,59,0,45714,52,10,5,1,6,55.6,3.6,113,1.0855745721271395,1.2765957446808511
6704,417060,60,6951,1,1,1,2,3,0,35,18.0,4467.833333333333,80621.0,4.0,0.0,0.0,0.0,78864.3,55640.8,29874.5,27300.0,29,60,0,45714,52,10,5,1,6,55.6,3.6,113,1.0855745721271395,1.2765957446808511,29,59,0,45714,52,10,5,1,6,55.6,3.6,113,1.0855745721271395,1.2765957446808511
5625,222180,60,3703,-1,0,1,1,1,1,57,12.0,1975.9000000000003,59578.8,0.0,0.0,0.0,0.0,85401.4,72161.8,67330.0,35868.0,29,60,0,45714,52,10,5,1,6,55.6,3.6,113,1.0855745721271395,1.2765957446808511,29,59,0,45714,52,10,5,1,6,55.6,3.6,113,1.0855745721271395,1.2765957446808511
6535,41952,12,3496,1,1,1,1,2,1,24,14.0,1727.6714285714286,24687.4,10.0,10.0,0.0,0.0,35510.6,34828.6,28589.4,44321.6,43,27,2,161854,73,21,6,1,6,76.3,2.5,125,0.9525091799265607,1.4534883720930232,43,60,1,161854,73,21,6,1,6,76.3,2.5,125,0.9525091799265607,1.4534883720930232
6130,32640,48,680,1,0,1,1,1,1,54,16.0,1156.25,18800.0,11.0,0.0,0.0,0.0,35806.0,33332.7,24157.8,39057.6,43,27,2,161854,73,21,6,1,6,76.3,2.5,125,0.9525091799265607,1.4534883720930232,43,60,1,161854,73,21,6,1,6,76.3,2.5,125,0.9525091799265607,1.4534883720930232
6006,359760,60,5996,1,0,1,1,1,1,17,15.0,2603.96,39959.4,4.0,0.0,0.0,0.0,11459.2,47199.6,38835.6,19700.0,43,27,2,161854,73,21,6,1,6,76.3,2.5,125,0.9525091799265607,1.4534883720930232,43,60,1,161854,73,21,6,1,6,76.3,2.5,125,0.9525091799265607,1.4534883720930232
6315,43164,12,3597,1,1,1,1,2,0,20,11.0,-728.554545454546,31349.9,0.0,0.0,0.0,0.0,63850.0,69918.3,75196.5,,61,61,3,117897,139,28,5,1,6,53.8,5.74,107,0.9749053030303031,1.2058823529411766,61,61,2,117897,139,28,5,1,6,53.8,5.74,107,0.9749053030303031,1.2058823529411766
6151,225420,60,3757,1,1,1,1,2,0,48,9.0,2042.8222222222223,32403.4,0.0,0.0,0.0,0.0,40682.0,27306.1,45147.6,,61,61,3,117897,139,28,5,1,6,53.8,5.74,107,0.9749053030303031,1.2058823529411766,61,61,2,117897,139,28,5,1,6,53.8,5.74,107,0.9749053030303031,1.2058823529411766
6965,139536,24,5814,1,1,1,1,3,0,55,18.0,1047.2611111111107,36472.9,17.0,0.0,0.0,0.0,109258.9,93641.4,93202.7,10372.2,61,61,3,117897,139,28,5,1,6,53.8,5.74,107,0.9749053030303031,1.2058823529411766,61,61,2,117897,139,28,5,1,6,53.8,5.74,107,0.9749053030303031,1.2058823529411766
7305,54024,12,4502,1,0,1,1,2,1,28,22.0,1121.9363636363635,25682.6,17.0,0.0,0.0,0.0,31308.5,33737.7,18087.9,35982.2,61,61,3,117897,139,28,5,1,6,53.8,5.74,107,0.9749053030303031,1.2058823529411766,61,61,2,117897,139,28,5,1,6,53.8,5.74,107,0.9749053030303031,1.2058823529411766
6294,79920,60,1332,1,1,1,1,3,1,43,14.0,-433.0642857142858,31271.6,10.0,0.0,0.0,0.0,41482.9,34929.5,56741.7,37414.1,26,62,0,170449,0,0,0,1,1,100.0,3.09,131,1.0364178116205929,1.1704545454545454,26,62,0,170449,0,0,0,1,1,100.0,3.09,131,1.0364178116205929,1.1704545454545454
6676,29784,24,1241,1,1,1,2,1,0,27,3.0,8742.1,37920.3,0.0,0.0,0.0,0.0,39950.3,11694.0,,,26,62,0,170449,0,0,0,1,1,100.0,3.09,131,1.0364178116205929,1.1704545454545454,26,62,0,170449,0,0,0,1,1,100.0,3.09,131,1.0364178116205929,1.1704545454545454
5350,249312,48,5194,1,0,0,1,1,1,41,14.0,3894.7499999999995,55426.5,6.0,0.0,0.0,0.0,12750.3,18721.3,69565.4,44641.7,26,62,0,170449,0,0,0,1,1,100.0,3.09,131,1.0364178116205929,1.1704545454545454,26,62,0,170449,0,0,0,1,1,100.0,3.09,131,1.0364178116205929,1.1704545454545454
5959,107640,24,4485,1,1,1,1,1,0,37,5.0,5796.68,65325.4,1.0,0.0,0.0,0.0,79584.4,82059.5,,,2,13,1,88884,80,26,6,2,5,46.7,1.85,132,1.23853635942566,1.1077844311377247,2,63,3,88884,80,26,6,2,5,46.7,1.85,132,1.23853635942566,1.1077844311377247
6726,85860,60,1431,1,1,1,1,2,0,41,14.0,2730.0142857142855,39220.2,9.0,0.0,0.0,0.0,36876.6,32023.7,27477.3,25896.5,2,13,1,88884,80,26,6,2,5,46.7,1.85,132,1.23853635942566,1.1077844311377247,2,63,3,88884,80,26,6,2,5,46.7,1.85,132,1.23853635942566,1.1077844311377247
6169,103680,60,1728,-1,1,1,1,3,1,25,19.0,1384.8736842105263,36427.6,0.0,0.0,0.0,0.0,16127.8,31244.4,41090.8,18421.9,42,63,2,95907,87,25,5,2,7,59.1,2.94,87,1.0060313630880577,1.2199170124481327,42,64,1,95907,87,25,5,2,7,59.1,2.94,87,1.0060313630880577,1.2199170124481327
5999,98832,48,2059,1,0,1,1,2,0,26,23.0,1159.5565217391304,27169.8,18.0,19.0,0.0,0.0,26658.8,25323.9,19283.4,40962.0,42,63,2,95907,87,25,5,2,7,59.1,2.94,87,1.0060313630880577,1.2199170124481327,42,64,1,95907,87,25,5,2,7,59.1,2.94,87,1.0060313630880577,1.2199170124481327
5453,156672,36,4352,1,1,1,1,2,0,40,13.0,1751.6538461538462,23271.5,8.0,0.0,0.0,0.0,21799.0,27479.3,23997.3,16720.0,28,64,0,72541,66,26,10,0,8,36.9,2.01,112,0.9651898734177216,1.2407407407407405,28,65,0,72541,66,26,10,0,8,36.9,2.01,112,0.9651898734177216,1.2407407407407405
5310,248148,36,6893,1,1,1,1,3,0,56,16.0,2531.7875,41108.6,11.0,11.0,0.0,0.0,37004.2,34161.1,44137.8,54482.9,28,64,0,72541,66,26,10,0,8,36.9,2.01,112,0.9651898734177216,1.2407407407407405,28,65,0,72541,66,26,10,0,8,36.9,2.01,112,0.9651898734177216,1.2407407407407405
5311,30060,60,501,1,0,1,1,2,1,45,21.0,1353.109523809524,48523.3,17.0,17.0,0.0,0.0,43117.9,42918.4,58182.3,62533.2,28,64,0,72541,66,26,10,0,8,36.9,2.01,112,0.9651898734177216,1.2407407407407405,28,65,0,72541,66,26,10,0,8,36.9,2.01,112,0.9651898734177216,1.2407407407407405
5482,165120,60,2752,1,0,1,2,2,0,46,19.0,549.2315789473685,22745.4,15.0,0.0,0.0,0.0,15128.8,33237.6,30964.0,9744.7,51,41,2,121947,37,28,7,3,11,70.5,2.97,131,1.0981121281464532,1.1832669322709166,51,66,1,121947,37,28,7,3,11,70.5,2.97,131,1.0981121281464532,1.1832669322709166
5693,44088,24,1837,1,1,1,1,2,0,45,7.0,6195.514285714286,44368.6,3.0,0.0,0.0,0.0,36673.1,37176.6,18464.8,,9,65,1,81344,61,23,4,2,6,55.3,3.97,149,0.8326079678607299,1.1710914454277286,9,67,3,81344,61,23,4,2,6,55.3,3.97,149,0.8326079678607299,1.1710914454277286
5922,20220,12,1685,1,1,1,1,2,0,23,11.0,2800.3,31303.3,5.0,0.0,0.0,0.0,25879.0,29213.2,35569.4,,9,65,1,81344,61,23,4,2,6,55.3,3.97,149,0.8326079678607299,1.1710914454277286,9,67,3,81344,61,23,4,2,6,55.3,3.97,149,0.8326079678607299,1.1710914454277286
6644,93600,24,3900,1,0,1,1,1,1,24,10.0,-143.8199999999997,26235.8,5.0,5.0,0.0,0.0,21599.5,64480.7,95763.4,,9,65,1,81344,61,23,4,2,6,55.3,3.97,149,0.8326079678607299,1.1710914454277286,9,67,3,81344,61,23,4,2,6,55.3,3.97,149,0.8326079678607299,1.1710914454277286
5128,215616,48,4492,-1,0,1,1,1,1,39,9.0,-775.488888888889,8640.6,5.0,0.0,2.0,0.0,28275.4,31461.2,50124.8,,69,66,5,42821,4,13,5,1,3,48.4,7.01,124,1.0659781961482728,1.1607513402004508,69,68,4,42821,4,13,5,1,3,48.4,7.01,124,1.0659781961482728,1.1607513402004508
5282,388512,48,8094,-1,0,2,1,2,0,27,20.0,-2302.3099999999995,38697.3,0.0,0.0,4.0,0.0,34538.1,36830.5,13104.2,-433.9,69,66,5,42821,4,13,5,1,3,48.4,7.01,124,1.0659781961482728,1.1607513402004508,69,68,4,42821,4,13,5,1,3,48.4,7.01,124,1.0659781961482728,1.1607513402004508
6613,84120,24,3505,1,0,0,1,0,0,46,3.0,16550.633333333335,63952.9,0.0,0.0,0.0,0.0,67449.9,14301.0,,,69,66,5,42821,4,13,5,1,3,48.4,7.01,124,1.0659781961482728,1.1607513402004508,69,68,4,42821,4,13,5,1,3,48.4,7.01,124,1.0659781961482728,1.1607513402004508
5892,66480,24,2770,-1,0,0,1,1,1,61,4.0,8497.8,34891.2,0.0,0.0,0.0,0.0,49551.0,9400.0,,,73,67,5,182027,17,49,12,2,7,56.4,3.74,90,1.017910447761194,1.1231231231231231,73,69,4,182027,17,49,12,2,7,56.4,3.74,90,1.017910447761194,1.1231231231231231
5415,139464,36,3874,-1,0,1,1,1,1,38,12.0,2325.733333333333,65062.8,0.0,0.0,0.0,0.0,26198.5,40065.9,52337.4,37154.0,73,67,5,182027,17,49,12,2,7,56.4,3.74,90,1.017910447761194,1.1231231231231231,73,69,4,182027,17,49,12,2,7,56.4,3.74,90,1.017910447761194,1.1231231231231231
5148,284280,60,4738,1,0,1,2,2,0,38,18.0,5239.850000000001,94617.3,0.0,0.0,0.0,0.0,74831.1,99245.1,78891.4,67470.6,37,68,7,114006,71,26,6,2,9,62.3,5.39,123,1.0045816252712805,1.2085201793721974,37,70,7,114006,71,26,6,2,9,62.3,5.39,123,1.0045816252712805,1.2085201793721974
6667,155880,24,6495,1,0,1,2,2,0,28,21.0,2074.504761904762,44564.6,16.0,0.0,0.0,0.0,86950.5,39011.0,49780.7,68746.7,37,68,7,114006,71,26,6,2,9,62.3,5.39,123,1.0045816252712805,1.2085201793721974,37,70,7,114006,71,26,6,2,9,62.3,5.39,123,1.0045816252712805,1.2085201793721974
5741,68544,24,2856,1,0,0,2,0,1,20,8.0,2857.4750000000004,23759.8,3.0,4.0,0.0,0.0,26330.5,38991.7,42515.4,,37,68,7,114006,71,26,6,2,9,62.3,5.39,123,1.0045816252712805,1.2085201793721974,37,70,7,114006,71,26,6,2,9,62.3,5.39,123,1.0045816252712805,1.2085201793721974
7036,194940,36,5415,1,0,1,1,1,1,32,15.0,557.4866666666671,34212.3,0.0,0.0,0.0,0.0,24904.5,30584.0,14285.8,51972.6,8,69,1,112065,95,19,7,1,8,69.4,1.44,127,0.962927206024329,1.152,8,71,3,112065,95,19,7,1,8,69.4,1.44,127,0.962927206024329,1.152
6015,110112,24,4588,1,0,1,1,1,1,33,10.0,9405.01,106858.1,6.0,0.0,0.0,0.0,76387.9,103474.6,80232.5,,53,70,3,107911,88,33,6,2,7,50.9,3.56,99,1.0286486486486486,1.407114624505929,53,72,2,107911,88,33,6,2,7,50.9,3.56,99,1.0286486486486486,1.407114624505929
