disp_id,client_id,account_id,branch_district_id,frequency,creation,num_clients,account_age,client_district_id,sex,birthdate,age,card_type,card_issue,num_salaries,average_salary,recent_balance,household_payments,payment_for_statement_counter,insurrance_payments,sanction_payment_counter,old_age_pensions,month_balance,3_month_balance,6_month_balance,12_month_balance
2,2,2,1,monthly issuance,1993-02-26,2,3,1,Male,1945-02-04,51,,,10.0,2675.52,27855.2,5.0,6.0,0.0,0.0,0.0,31839.5,21788.6,45289.5,
25,25,19,21,monthly issuance,1995-04-07,1,1,21,Female,1939-04-23,57,,,12.0,-23.75,15854.0,8.0,8.0,0.0,0.0,0.0,35162.2,36224.4,33262.3,16139.0
78,78,67,16,monthly issuance,1994-10-19,1,2,16,Female,1944-06-13,52,,,18.0,-1027.011111111111,23703.8,14.0,14.0,0.0,0.0,0.0,22495.2,49592.2,49192.6,45374.0
158,158,132,40,issuance after transaction,1996-05-11,2,0,40,Female,1945-07-03,51,,,5.0,-667.6599999999977,78907.6,0.0,4.0,0.0,0.0,0.0,51146.1,68400.5,,
210,210,173,66,monthly issuance,1993-11-26,2,3,66,Male,1939-11-30,57,,,5.0,309.08000000000027,28015.4,2.0,1.0,2.0,0.0,0.0,41885.3,52226.2,,
352,352,290,56,monthly issuance,1993-12-02,1,3,56,Male,1940-08-27,56,,,11.0,2262.472727272727,25187.2,6.0,6.0,0.0,0.0,0.0,31615.1,36182.8,77401.1,
421,421,344,54,monthly issuance,1993-12-01,1,3,54,Male,1965-07-31,31,,,12.0,2259.6416666666664,48637.7,9.0,8.0,0.0,0.0,0.0,46546.8,38521.8,46476.8,21522.0
424,424,347,65,monthly issuance,1993-12-13,1,3,1,Male,1947-10-08,49,,,16.0,1615.8687499999999,50846.7,0.0,12.0,0.0,1.0,0.0,5133.8,67324.5,45989.3,69539.0
512,512,426,1,monthly issuance,1993-11-29,1,3,60,Female,1965-08-03,31,,,7.0,9885.214285714286,70096.5,5.0,5.0,0.0,0.0,0.0,70138.5,82309.9,44104.2,
603,603,501,13,monthly issuance,1995-10-21,1,1,13,Female,1966-03-09,30,,,12.0,6265.1083333333345,76081.3,0.0,10.0,0.0,0.0,0.0,30413.6,48652.1,29749.2,
655,655,544,32,monthly issuance,1995-05-15,1,1,32,Male,1942-12-10,54,classic,1996-08-08,15.0,2598.586666666667,39378.8,0.0,10.0,0.0,0.0,0.0,56976.3,58419.5,44706.2,42177.3
944,944,789,39,monthly issuance,1995-02-06,2,1,39,Male,1970-12-18,26,,,9.0,1705.9666666666667,21545.7,5.0,5.0,0.0,0.0,0.0,24364.3,25435.7,32750.6,
946,946,790,54,monthly issuance,1993-05-11,1,3,54,Male,1951-08-06,45,,,14.0,5798.185714285714,81474.6,0.0,8.0,0.0,0.0,0.0,27105.2,13046.6,42159.9,35817.2
968,968,808,69,monthly issuance,1995-06-13,1,1,69,Male,1957-02-17,39,,,9.0,-775.488888888889,8640.6,5.0,5.0,0.0,2.0,0.0,28275.4,31461.2,50124.8,
976,976,813,16,monthly issuance,1993-02-10,1,3,16,Female,1955-11-19,41,,,14.0,215.60000000000016,28461.9,0.0,11.0,0.0,0.0,0.0,29283.1,20296.4,26074.5,30530.3
980,980,816,52,monthly issuance,1993-08-05,1,3,40,Male,1961-09-30,35,,,17.0,2811.388235294118,47993.6,12.0,12.0,0.0,0.0,0.0,85422.4,56824.3,41145.0,38071.7
981,981,817,5,monthly issuance,1994-03-18,1,2,5,Male,1960-06-28,36,,,11.0,2097.3636363636365,23271.0,7.0,6.0,0.0,0.0,0.0,30894.5,25019.4,36548.2,
1020,1020,846,72,monthly issuance,1996-03-09,1,0,72,Female,1977-05-10,19,,,4.0,33269.425,133377.7,0.0,2.0,0.0,0.0,0.0,50052.7,87857.5,,
1029,1029,854,62,monthly issuance,1993-09-21,1,3,1,Female,1954-03-16,42,,,19.0,825.8052631578947,26795.3,16.0,15.0,16.0,0.0,0.0,30371.9,34341.6,34729.7,38106.7
1102,1102,915,72,monthly issuance,1995-01-18,1,1,72,Male,1935-01-29,61,,,7.0,1772.2000000000003,51799.4,4.0,3.0,0.0,0.0,0.0,60112.2,56822.2,69943.7,
1133,1133,940,37,monthly issuance,1994-11-15,2,2,37,Female,1958-09-15,38,,,18.0,5239.850000000001,94617.3,0.0,13.0,0.0,0.0,0.0,74831.1,99245.1,78891.4,67470.6
1157,1157,960,4,issuance after transaction,1994-11-02,1,2,4,Female,1958-12-30,38,,,6.0,4789.100000000001,68945.6,3.0,2.0,0.0,0.0,0.0,83540.3,101537.3,40211.0,
1215,1215,1011,45,monthly issuance,1994-12-17,1,2,45,Male,1944-05-06,52,,,11.0,2206.790909090909,45077.7,8.0,7.0,0.0,0.0,0.0,46347.3,49475.2,61087.8,
1216,1216,1012,65,monthly issuance,1994-07-09,1,2,65,Female,1945-06-12,51,,,3.0,14637.033333333335,68956.1,0.0,0.0,0.0,0.0,0.0,37584.2,25045.0,,
1286,1286,1071,68,weekly issuance,1993-05-10,1,3,52,Female,1950-03-13,46,,,8.0,8089.575000000002,81150.6,0.0,5.0,0.0,0.0,0.0,15124.2,32770.4,57118.4,
1327,1327,1106,20,weekly issuance,1993-08-29,1,3,20,Female,1963-12-31,33,,,14.0,1532.5357142857142,22255.5,0.0,6.0,0.0,0.0,0.0,28375.0,14748.8,35823.9,24038.2
1404,1404,1166,11,monthly issuance,1993-04-21,1,3,11,Female,1968-12-20,28,,,9.0,2092.6111111111113,19033.5,5.0,5.0,0.0,0.0,0.0,37087.5,24346.1,40904.8,
1505,1505,1247,25,monthly issuance,1993-06-08,1,3,65,Female,1971-06-25,25,,,20.0,1633.3400000000001,32966.8,0.0,12.0,0.0,1.0,0.0,15940.0,41944.2,34503.5,127684.9
1509,1509,1250,62,monthly issuance,1996-03-28,1,0,62,Female,1942-04-19,54,,,7.0,66.75714285714328,23898.3,3.0,3.0,0.0,0.0,0.0,31249.3,49909.7,43473.5,
1516,1516,1256,38,monthly issuance,1994-04-21,1,2,38,Female,1946-10-17,50,,,12.0,1285.4166666666667,31397.0,9.0,8.0,0.0,0.0,0.0,37168.2,26671.3,38037.2,15972.0
1663,1663,1375,19,monthly issuance,1994-04-27,1,2,19,Male,1957-04-29,39,,,15.0,1249.9,39839.5,12.0,11.0,0.0,0.0,0.0,53496.6,53171.1,51764.7,61707.7
1851,1851,1527,31,issuance after transaction,1993-11-17,1,3,31,Female,1975-09-12,21,,,11.0,-5808.181818181817,20811.2,0.0,10.0,0.0,1.0,0.0,25499.9,-1442.3,32884.2,
1917,1917,1583,69,issuance after transaction,1994-11-17,1,2,69,Female,1969-03-13,27,,,20.0,-2302.3099999999995,38697.3,0.0,20.0,0.0,4.0,0.0,34538.1,36830.5,13104.2,-433.9
1944,1944,1603,1,monthly issuance,1993-05-09,1,3,31,Female,1957-01-22,39,,,9.0,2633.4444444444443,24601.0,4.0,5.0,0.0,0.0,0.0,27034.0,22867.6,30884.3,
2063,2063,1698,68,monthly issuance,1996-03-14,1,0,68,Female,1950-09-26,46,,,3.0,15479.9,47239.7,0.0,0.0,0.0,0.0,0.0,34303.6,800.0,,
2136,2136,1762,28,monthly issuance,1993-12-11,1,3,28,Female,1940-07-24,56,,,16.0,2531.7875,41108.6,11.0,11.0,11.0,0.0,0.0,37004.2,34161.1,44137.8,54482.9
2141,2141,1766,28,monthly issuance,1994-09-03,1,2,28,Male,1951-09-06,45,classic,1996-01-01,21.0,1353.109523809524,48523.3,17.0,17.0,17.0,0.0,0.0,43117.9,42918.4,58182.3,62533.2
2148,2148,1772,31,weekly issuance,1995-02-20,1,1,31,Female,1953-07-20,43,,,12.0,2693.716666666667,81623.6,9.0,8.0,0.0,0.0,0.0,75031.1,58920.9,45640.6,49299.0
2166,2166,1787,30,weekly issuance,1993-03-22,1,3,30,Female,1947-07-22,49,,,2.0,9500.0,20100.0,0.0,0.0,0.0,0.0,0.0,11000.0,,,
2181,2181,1801,46,monthly issuance,1993-02-13,1,3,46,Male,1968-07-22,28,,,4.0,12876.500000000002,52208.9,2.0,3.0,3.0,0.0,0.0,31481.0,89045.8,,
2195,2195,1811,40,monthly issuance,1993-09-22,1,3,68,Female,1942-09-13,54,,,8.0,1499.4500000000007,36240.6,4.0,4.0,0.0,0.0,0.0,41860.3,64499.2,69748.2,
2235,2235,1843,12,monthly issuance,1993-01-30,1,3,14,Female,1940-04-20,56,,,6.0,5548.783333333333,34292.7,2.0,2.0,0.0,0.0,0.0,39291.2,49462.7,1000.0,
2259,2259,1862,19,weekly issuance,1995-04-15,1,1,19,Female,1950-01-02,46,,,18.0,4895.0055555555555,88610.1,0.0,13.0,0.0,0.0,0.0,45636.9,68252.4,59527.9,101710.8
2288,2288,1886,32,monthly issuance,1996-03-05,2,0,32,Female,1957-08-23,39,,,4.0,11715.7,74638.8,0.0,0.0,0.0,0.0,0.0,83546.0,53822.9,,
2392,2392,1967,26,weekly issuance,1995-02-13,1,1,26,Male,1955-05-21,41,,,14.0,3894.7499999999995,55426.5,6.0,6.0,0.0,0.0,0.0,12750.3,18721.3,69565.4,44641.7
2403,2403,1978,57,weekly issuance,1993-06-11,1,3,1,Female,1963-01-25,33,,,17.0,1146.1176470588236,54586.0,13.0,13.0,13.0,0.0,0.0,65189.2,63528.0,53755.5,40818.4
2422,2422,1993,68,monthly issuance,1994-10-30,1,2,68,Female,1976-06-09,20,,,5.0,4629.219999999999,23946.1,0.0,0.0,0.0,0.0,0.0,27698.4,35442.2,,
2501,2501,2062,70,monthly issuance,1996-03-06,1,0,70,Female,1940-12-04,56,,,7.0,-548.4571428571425,39660.8,3.0,3.0,0.0,0.0,0.0,57795.3,98394.5,75150.2,
2550,2550,2106,1,monthly issuance,1996-02-01,1,0,1,Female,1976-10-12,20,,,8.0,2041.9250000000002,16735.4,4.0,4.0,0.0,0.0,0.0,18705.5,39064.2,24614.6,
2592,2592,2143,1,monthly issuance,1996-01-13,2,0,1,Female,1980-08-31,16,,,7.0,6994.785714285715,49663.5,3.0,3.0,0.0,0.0,0.0,56163.4,61134.1,34530.1,
2606,2606,2153,31,weekly issuance,1996-01-07,1,0,31,Male,1943-01-04,53,,,10.0,-1092.5900000000008,20051.1,7.0,6.0,6.0,0.0,0.0,10388.1,28637.3,38023.9,
2623,2623,2167,16,monthly issuance,1993-08-08,1,3,16,Female,1965-07-16,31,,,14.0,3078.7714285714287,43302.8,10.0,9.0,0.0,0.0,0.0,46303.0,46609.0,24758.7,39419.9
2635,2635,2176,67,monthly issuance,1993-06-06,1,3,67,Female,1966-12-10,30,,,13.0,-1316.8076923076924,19448.5,12.0,11.0,0.0,0.0,0.0,33009.1,62730.5,21447.2,71267.2
2686,2686,2218,19,monthly issuance,1994-11-21,2,2,19,Female,1951-03-24,45,,,12.0,3178.9583333333335,38747.5,0.0,7.0,0.0,0.0,0.0,72842.3,61169.4,37464.0,
2698,2698,2227,31,weekly issuance,1994-05-22,2,2,31,Female,1970-10-07,26,,,18.0,1179.5444444444447,21531.8,11.0,11.0,0.0,0.0,0.0,73092.7,55623.6,36802.8,49788.8
2700,2700,2228,34,monthly issuance,1994-03-19,1,2,34,Male,1945-02-22,51,,,12.0,6807.099999999999,82385.2,1.0,0.0,0.0,0.0,0.0,58663.0,35746.9,37778.4,700.0
2708,2708,2236,73,monthly issuance,1995-08-27,1,1,73,Male,1958-08-12,38,,,12.0,2325.733333333333,65062.8,0.0,0.0,0.0,0.0,0.0,26198.5,40065.9,52337.4,37154.0
2719,2719,2245,29,monthly issuance,1993-03-30,1,3,29,Female,1964-10-30,32,,,21.0,2726.0142857142864,57546.3,0.0,14.0,0.0,0.0,0.0,32155.5,38375.1,42654.2,25168.3
2746,2746,2268,1,monthly issuance,1995-02-11,1,1,1,Male,1971-02-25,25,,,17.0,3852.0352941176475,65684.6,13.0,12.0,0.0,0.0,0.0,77158.8,62799.2,65731.2,44048.2
2809,2809,2322,33,monthly issuance,1995-01-02,1,1,33,Male,1979-02-14,17,,,17.0,-541.0705882352935,26652.7,16.0,16.0,16.0,0.0,0.0,13766.4,57639.7,106265.5,70480.9
2831,2831,2343,68,monthly issuance,1994-12-09,1,2,68,Female,1980-07-09,16,,,10.0,3052.41,30824.1,6.0,6.0,0.0,0.0,0.0,27187.5,22254.6,35324.0,
2834,2834,2345,5,monthly issuance,1993-10-25,1,3,52,Male,1949-05-23,47,,,13.0,1495.276923076923,19938.6,9.0,9.0,0.0,0.0,0.0,30431.9,32662.1,27232.2,20769.0
2843,2843,2352,70,monthly issuance,1995-01-21,1,1,70,Female,1966-10-06,30,,,14.0,1747.8285714285714,45021.6,11.0,10.0,10.0,0.0,0.0,45140.6,56037.3,57948.8,53489.8
2853,2853,2361,28,monthly issuance,1994-02-25,1,2,28,Female,1956-04-25,40,,,13.0,1751.6538461538462,23271.5,8.0,9.0,0.0,0.0,0.0,21799.0,27479.3,23997.3,16720.0
2922,2922,2419,24,monthly issuance,1993-11-27,1,3,43,Male,1940-09-07,56,,,14.0,4473.028571428571,72500.4,0.0,10.0,0.0,0.0,0.0,53207.5,35852.8,87673.4,48400.8
2966,2966,2456,65,monthly issuance,1995-09-09,1,1,65,Male,1955-02-20,41,,,7.0,3101.0571428571443,47431.4,3.0,3.0,0.0,0.0,0.0,45881.0,82077.5,52008.7,
3001,3001,2486,1,monthly issuance,1993-02-27,1,3,1,Male,1958-10-07,38,,,10.0,7845.62,78656.2,0.0,8.0,0.0,0.0,0.0,78679.5,22652.5,39356.2,
3013,3013,2496,51,monthly issuance,1994-05-21,2,2,51,Female,1950-03-18,46,,,19.0,549.2315789473685,22745.4,15.0,15.0,0.0,0.0,0.0,15128.8,33237.6,30964.0,9744.7
3103,3103,2572,64,issuance after transaction,1994-11-13,1,2,64,Female,1973-03-07,23,,,19.0,3377.115789473684,64765.2,0.0,14.0,0.0,6.0,0.0,79746.9,49549.1,43472.0,92535.3
3113,3113,2580,60,monthly issuance,1995-11-09,2,1,60,Female,1971-11-12,25,,,8.0,3682.9249999999997,41537.2,5.0,5.0,0.0,0.0,0.0,49195.4,40636.1,42507.8,
3251,3251,2694,7,monthly issuance,1993-03-08,2,3,52,Female,1962-12-28,34,,,11.0,1338.436363636364,33061.9,8.0,8.0,0.0,0.0,0.0,32657.2,38350.0,47169.6,
3264,3264,2705,63,issuance after transaction,1993-07-05,1,3,63,Female,1950-10-20,46,,,4.0,4604.825000000001,34716.3,0.0,1.0,0.0,0.0,0.0,52378.2,37476.1,,
3335,3335,2762,19,monthly issuance,1993-03-20,1,3,11,Male,1967-02-10,29,,,15.0,-122.80666666666706,52318.9,14.0,14.0,0.0,0.0,0.0,86517.1,47791.4,74524.9,40548.9
3414,3414,2824,11,monthly issuance,1993-10-20,1,3,11,Female,1947-10-17,49,,,8.0,3180.75,41531.0,5.0,4.0,0.0,0.0,0.0,44537.1,42762.6,50138.2,
3519,3519,2912,74,monthly issuance,1994-07-30,1,2,74,Male,1949-12-15,47,,,19.0,1234.1894736842098,24549.6,0.0,13.0,0.0,0.0,0.0,29173.7,62384.8,55646.3,85132.7
3542,3542,2933,10,monthly issuance,1993-06-18,2,3,10,Male,1939-09-02,57,,,10.0,-2940.9399999999996,30009.9,10.0,9.0,0.0,0.0,0.0,42852.6,32057.1,121891.4,
3576,3576,2962,1,monthly issuance,1993-05-30,1,3,1,Female,1939-03-15,57,,,18.0,-566.3166666666665,53922.3,0.0,12.0,0.0,0.0,0.0,49577.6,93831.7,72533.8,94483.8
3616,3616,2994,77,monthly issuance,1996-05-03,1,0,77,Female,1964-04-14,32,,,4.0,10730.575,62891.3,0.0,0.0,0.0,0.0,0.0,60274.4,53326.2,,
3649,3649,3021,10,monthly issuance,1996-04-20,1,0,10,Female,1959-10-25,37,,,7.0,3449.585714285714,24447.1,0.0,3.0,0.0,0.0,0.0,34244.2,40526.7,22086.6,
3670,3670,3037,44,monthly issuance,1994-05-26,1,2,44,Female,1980-09-17,16,,,22.0,482.4545454545461,11614.0,13.0,15.0,0.0,0.0,0.0,3643.2,12406.9,65234.1,53201.9
3687,3687,3050,60,monthly issuance,1993-05-08,2,3,49,Male,1972-02-06,24,classic,1994-02-15,15.0,4226.706666666666,64300.6,11.0,11.0,11.0,0.0,0.0,69564.4,35361.7,25755.7,99061.1
3705,3705,3064,40,monthly issuance,1993-05-23,1,3,1,Female,1965-06-04,31,,,22.0,1403.0545454545456,31867.2,17.0,17.0,0.0,0.0,0.0,29095.9,31273.5,31773.0,16222.1
3730,3730,3084,59,weekly issuance,1996-01-28,1,0,59,Female,1945-08-07,51,,,6.0,-3874.600000000001,13318.4,2.0,2.0,0.0,0.0,0.0,12756.6,80844.2,36566.0,
3763,3763,3112,38,monthly issuance,1994-08-12,2,2,38,Female,1977-08-12,19,,,18.0,2564.544444444445,77580.8,11.0,10.0,0.0,0.0,0.0,91742.7,55943.4,86799.1,43259.3
3767,3767,3115,14,monthly issuance,1996-03-27,2,0,14,Male,1936-09-07,60,,,7.0,2726.6428571428573,51906.5,4.0,3.0,0.0,0.0,0.0,51840.3,89519.3,57657.7,
3829,3829,3166,71,monthly issuance,1993-08-10,1,3,59,Male,1972-03-13,24,,,16.0,826.9187499999998,14230.7,0.0,14.0,0.0,2.0,0.0,13510.0,21192.7,18446.7,37729.1
3855,3855,3189,29,monthly issuance,1995-11-29,1,1,29,Male,1939-03-20,57,,,12.0,1975.9000000000003,59578.8,0.0,6.0,0.0,0.0,0.0,85401.4,72161.8,67330.0,35868.0
3907,3907,3230,1,monthly issuance,1995-03-11,1,1,1,Female,1954-12-09,42,,,18.0,1235.888888888889,22446.0,0.0,9.0,0.0,0.0,0.0,24857.9,91654.5,23734.7,76444.6
4056,4056,3354,63,monthly issuance,1993-11-05,1,3,63,Female,1952-07-26,44,,,7.0,1616.0999999999997,22500.3,3.0,4.0,4.0,0.0,0.0,31521.8,37627.9,32731.3,
4217,4217,3489,9,monthly issuance,1994-12-08,1,2,9,Female,1951-06-25,45,,,7.0,6195.514285714286,44368.6,3.0,3.0,0.0,0.0,0.0,36673.1,37176.6,18464.8,
4352,4352,3608,72,weekly issuance,1994-08-30,1,2,72,Male,1971-07-24,25,,,20.0,-86.625,29371.5,19.0,19.0,0.0,0.0,0.0,31993.1,17741.3,37033.9,17694.4
4377,4377,3629,48,monthly issuance,1993-07-27,1,3,48,Male,1978-01-31,18,,,22.0,831.0136363636361,19182.3,17.0,17.0,17.0,0.0,0.0,24528.4,25815.2,28878.9,28229.7
4428,4428,3674,38,monthly issuance,1993-03-12,1,3,38,Male,1954-03-09,42,,,17.0,3021.6823529411768,64096.3,12.0,13.0,0.0,0.0,0.0,64101.7,51239.7,43580.4,73849.7
4433,4433,3678,1,monthly issuance,1993-03-24,1,3,1,Male,1968-02-22,28,,,22.0,142.06363636363633,12826.4,18.0,18.0,0.0,0.0,0.0,19493.2,22407.8,11787.0,10391.6
4434,4434,3679,64,monthly issuance,1995-08-15,2,1,64,Male,1964-03-29,32,,,11.0,3722.1727272727276,41743.9,6.0,6.0,0.0,0.0,0.0,52157.9,30488.6,38283.1,
4520,4520,3747,1,monthly issuance,1994-05-01,1,2,1,Female,1957-06-28,39,,,8.0,2758.8999999999996,23171.2,4.0,4.0,4.0,0.0,0.0,22675.8,27412.0,29943.2,
4527,4527,3752,1,monthly issuance,1994-11-25,1,2,1,Female,1963-02-04,33,,,4.0,10766.425,43265.7,0.0,0.0,0.0,0.0,0.0,39429.4,25503.5,,
4529,4529,3754,37,weekly issuance,1996-02-19,2,0,37,Male,1976-09-16,20,,,8.0,2857.4750000000004,23759.8,3.0,4.0,4.0,0.0,0.0,26330.5,38991.7,42515.4,
4584,4584,3804,7,monthly issuance,1994-04-07,1,2,7,Female,1949-06-24,47,,,22.0,822.0545454545453,49709.2,18.0,18.0,0.0,0.0,0.0,59492.1,67194.0,64565.9,23093.3
4620,4620,3834,54,monthly issuance,1993-01-19,2,3,54,Female,1940-11-01,56,,,20.0,1391.585,28531.7,15.0,15.0,15.0,0.0,0.0,26930.8,31876.1,26367.4,22494.0
4916,4916,4079,52,monthly issuance,1993-11-03,1,3,52,Male,1939-01-09,57,,,17.0,1076.1176470588234,18894.0,14.0,14.0,14.0,0.0,0.0,22982.3,50823.2,87691.5,90058.5
4918,4918,4081,11,monthly issuance,1995-07-22,1,1,11,Male,1968-05-06,28,,,3.0,7560.566666666666,35159.7,0.0,0.0,0.0,0.0,0.0,40259.0,12478.0,,
5133,5133,4259,66,monthly issuance,1994-04-08,1,2,66,Female,1959-08-10,37,,,4.0,13563.125,99262.5,1.0,0.0,0.0,0.0,0.0,82153.9,79632.5,,
5134,5134,4260,56,monthly issuance,1993-10-14,1,3,58,Female,1967-07-19,29,,,8.0,2540.7625,21326.1,4.0,3.0,0.0,0.0,0.0,31136.4,28692.5,45898.4,
5224,5224,4337,29,monthly issuance,1993-11-16,1,3,29,Male,1949-07-24,47,,,12.0,4026.116666666667,49213.4,0.0,8.0,0.0,0.0,0.0,19986.6,55153.3,31569.0,900.0
5318,5318,4413,74,weekly issuance,1994-01-15,2,2,74,Male,1968-03-28,28,,,12.0,2520.391666666667,31344.7,7.0,8.0,0.0,0.0,0.0,39845.2,28393.3,32799.5,1100.0
5320,5320,4414,24,monthly issuance,1993-09-10,2,3,17,Female,1951-04-07,45,,,17.0,1087.035294117647,19479.6,13.0,12.0,0.0,0.0,0.0,22085.0,21218.2,12152.3,18803.7
5333,5333,4423,39,monthly issuance,1995-04-26,1,1,39,Female,1967-05-29,29,,,6.0,11092.183333333334,67453.1,0.0,0.0,0.0,0.0,0.0,45377.5,45594.8,900.0,
5337,5337,4427,32,monthly issuance,1993-06-07,2,3,1,Male,1961-05-02,35,,,15.0,991.0399999999998,15665.6,11.0,10.0,0.0,0.0,0.0,15597.8,23279.6,24525.6,37633.9
5364,5364,4447,62,monthly issuance,1996-06-16,2,0,62,Male,1964-03-14,32,,,4.0,6899.775,27799.1,0.0,2.0,0.0,0.0,0.0,35314.7,49433.8,,
5366,5366,4448,60,monthly issuance,1993-06-02,2,3,60,Female,1971-09-20,25,,,16.0,1769.94375,29019.1,0.0,10.0,0.0,0.0,0.0,29294.1,34567.3,54623.4,59990.8
5384,5384,4462,73,weekly issuance,1995-12-27,1,1,73,Male,1935-07-21,61,,,4.0,8497.8,34891.2,0.0,0.0,0.0,0.0,0.0,49551.0,9400.0,,
5399,5399,4476,24,monthly issuance,1994-11-10,1,2,24,Female,1972-12-27,24,,,22.0,765.9954545454547,17351.9,18.0,17.0,18.0,0.0,0.0,30744.7,38607.9,28395.5,27635.6
5433,5433,4503,50,monthly issuance,1995-01-03,1,1,50,Male,1975-09-24,21,junior,1995-10-24,12.0,4555.741666666667,54868.9,0.0,9.0,0.0,0.0,0.0,69499.8,29751.6,36645.8,
5517,5517,4576,27,monthly issuance,1993-06-05,1,3,57,Male,1964-03-13,32,,,11.0,471.2909090909095,33932.8,8.0,8.0,0.0,0.0,0.0,31601.7,26045.3,34660.8,
5521,5521,4580,9,monthly issuance,1994-08-27,1,2,9,Female,1973-05-15,23,,,11.0,2800.3,31303.3,5.0,6.0,0.0,0.0,0.0,25879.0,29213.2,35569.4,
5526,5526,4585,27,monthly issuance,1996-06-08,2,0,27,Male,1947-03-19,49,,,4.0,11137.25,44749.0,0.0,0.0,0.0,0.0,0.0,21989.3,19509.0,,
5606,5606,4650,4,monthly issuance,1995-10-15,1,1,4,Male,1980-08-06,16,,,10.0,1703.2099999999998,17232.1,5.0,5.0,0.0,0.0,0.0,16890.4,17120.1,29355.6,
5701,5701,4727,2,monthly issuance,1995-02-13,1,1,2,Female,1959-11-22,37,,,5.0,5796.68,65325.4,1.0,1.0,0.0,0.0,0.0,79584.4,82059.5,,
5760,5760,4774,66,monthly issuance,1994-01-14,2,2,66,Male,1948-05-08,48,,,17.0,788.8470588235296,37152.4,13.0,13.0,0.0,0.0,0.0,39833.5,25505.4,31231.6,36536.2
5826,5826,4825,15,monthly issuance,1994-06-04,2,2,15,Male,1968-09-09,28,,,14.0,552.4285714285714,24782.0,0.0,10.0,0.0,0.0,0.0,35336.0,26364.5,34635.5,38222.6
5858,5858,4851,52,monthly issuance,1996-02-04,2,0,52,Male,1952-07-17,44,,,6.0,20518.350000000002,123310.1,0.0,0.0,0.0,0.0,0.0,44187.7,20435.4,200.0,
5860,5860,4852,47,monthly issuance,1995-04-13,1,1,47,Male,1964-04-22,32,,,10.0,2694.13,27341.3,5.0,6.0,0.0,0.0,0.0,17050.2,32891.7,38190.2,
5911,5911,4894,14,monthly issuance,1993-06-20,1,3,14,Male,1935-10-03,61,,,4.0,13098.375,53193.5,0.0,0.0,0.0,0.0,0.0,47730.2,28000.1,,
5928,5928,4907,42,monthly issuance,1994-02-06,1,2,42,Female,1970-09-10,26,,,23.0,1159.5565217391304,27169.8,18.0,19.0,19.0,0.0,0.0,26658.8,25323.9,19283.4,40962.0
5965,5965,4937,12,monthly issuance,1993-02-20,1,3,50,Male,1951-04-10,45,,,16.0,-977.40625,38336.2,16.0,15.0,0.0,0.0,0.0,76760.5,17960.4,18012.1,31434.3
5977,5977,4948,43,monthly issuance,1995-07-29,1,1,43,Male,1979-05-31,17,,,15.0,2603.96,39959.4,4.0,4.0,0.0,0.0,0.0,11459.2,47199.6,38835.6,19700.0
6015,6015,4981,54,monthly issuance,1996-01-22,1,0,54,Male,1973-11-21,23,,,9.0,1396.4111111111108,36074.7,6.0,5.0,0.0,0.0,0.0,55504.8,47807.2,68265.6,
6033,6033,4994,1,weekly issuance,1996-01-11,1,0,1,Male,1966-05-27,30,,,6.0,8882.016666666666,53892.1,0.0,0.0,0.0,0.0,0.0,48062.7,47447.3,600.0,
6034,6034,4995,20,weekly issuance,1994-08-01,1,2,20,Male,1939-08-15,57,,,18.0,500.5666666666669,9710.2,0.0,10.0,0.0,1.0,0.0,38945.0,52467.8,47446.8,38748.7
6042,6042,5001,53,monthly issuance,1995-12-15,1,1,53,Male,1963-10-12,33,,,10.0,9405.01,106858.1,6.0,7.0,0.0,0.0,0.0,76387.9,103474.6,80232.5,
6077,6077,5033,54,monthly issuance,1995-08-03,1,1,54,Female,1980-04-30,16,,,11.0,1851.290909090909,27820.2,8.0,7.0,8.0,0.0,0.0,29729.5,26175.2,29614.9,
6115,6115,5066,13,weekly issuance,1995-08-27,1,1,13,Female,1953-12-25,43,,,5.0,11859.1,59695.5,0.0,0.0,0.0,0.0,0.0,58054.4,65337.0,,
6178,6178,5120,1,monthly issuance,1993-06-21,1,3,1,Female,1940-10-15,56,,,13.0,5552.799999999999,72386.4,5.0,6.0,0.0,0.0,0.0,41127.0,17719.5,58244.1,11600.0
6185,6185,5126,58,monthly issuance,1995-04-03,2,1,58,Female,1948-03-05,48,,,9.0,1390.611111111111,21281.5,5.0,5.0,0.0,0.0,0.0,28130.9,30517.6,43804.2,
6299,6299,5213,1,monthly issuance,1995-08-18,1,1,1,Male,1936-08-09,60,,,8.0,5682.775,46462.2,0.0,3.0,0.0,0.0,0.0,55460.1,22045.2,51565.3,
6301,6301,5215,55,monthly issuance,1993-07-01,1,3,55,Female,1949-03-08,47,,,13.0,2670.5692307692307,34917.4,8.0,9.0,8.0,0.0,0.0,34143.2,30840.5,21307.2,15687.0
6317,6317,5228,77,issuance after transaction,1993-06-23,2,3,77,Female,1957-01-27,39,,,12.0,3645.908333333333,94431.9,0.0,8.0,0.0,0.0,0.0,55493.3,95818.8,74804.0,1000.0
6349,6349,5256,72,issuance after transaction,1993-10-25,1,3,72,Male,1972-12-03,24,,,6.0,13330.0,80780.0,0.0,1.0,0.0,0.0,0.0,50920.4,43335.3,800.0,
6359,6359,5263,64,monthly issuance,1995-07-14,1,1,64,Male,1976-07-06,20,,,16.0,1692.38125,27578.1,11.0,11.0,0.0,0.0,0.0,31737.0,27231.2,28424.3,30495.4
6367,6367,5270,44,monthly issuance,1993-01-13,1,3,44,Male,1970-04-28,26,,,10.0,5819.67,103745.7,0.0,6.0,0.0,0.0,0.0,95837.6,80230.3,99164.6,
6417,6417,5313,40,monthly issuance,1993-04-29,1,3,40,Male,1950-01-07,46,,,9.0,357.32222222222316,33918.9,5.0,5.0,5.0,0.0,0.0,20972.3,55159.2,54527.8,
6499,6499,5385,44,weekly issuance,1993-05-21,1,3,44,Male,1963-02-01,33,,,10.0,2306.83,23568.3,6.0,6.0,0.0,0.0,0.0,19793.9,23860.0,36730.1,
6544,6544,5422,66,monthly issuance,1994-10-22,2,2,66,Male,1974-08-04,22,,,19.0,4615.247368421053,105712.4,16.0,17.0,16.0,0.0,0.0,90323.6,38645.1,23894.4,66996.1
6551,6551,5428,24,monthly issuance,1993-04-14,1,3,24,Female,1948-08-12,48,,,5.0,-5245.219999999998,58140.9,4.0,3.0,0.0,0.0,0.0,29873.1,54196.0,,
6567,6567,5442,34,monthly issuance,1993-03-22,1,3,5,Female,1978-11-21,18,,,14.0,-6409.185714285714,6930.8,14.0,14.0,14.0,3.0,0.0,-490.5,-540.5,17552.0,74725.5
6616,6616,5481,52,monthly issuance,1993-08-16,1,3,1,Male,1953-06-18,43,,,12.0,568.7249999999995,44254.7,0.0,8.0,0.0,0.0,0.0,64453.2,93694.6,75595.6,37430.0
6691,6691,5541,43,monthly issuance,1995-03-24,1,1,43,Male,1942-10-15,54,,,16.0,1156.25,18800.0,11.0,11.0,0.0,0.0,0.0,35806.0,33332.7,24157.8,39057.6
6731,6731,5574,13,weekly issuance,1994-07-14,1,2,13,Male,1943-11-26,53,,,21.0,3787.6047619047617,80439.7,16.0,16.0,0.0,0.0,0.0,82219.2,85061.8,79981.7,70711.0
6753,6753,5593,15,monthly issuance,1996-02-27,1,0,15,Male,1962-05-23,34,,,5.0,7892.9,68241.5,4.0,3.0,0.0,0.0,0.0,79219.0,56866.6,,
6789,6789,5622,70,monthly issuance,1993-02-08,1,3,57,Male,1979-03-26,17,,,20.0,459.12000000000046,67405.6,18.0,18.0,0.0,0.0,0.0,91246.6,95566.4,84155.4,50717.9
6798,6798,5628,61,monthly issuance,1994-06-17,1,2,61,Female,1948-08-03,48,,,9.0,2042.8222222222223,32403.4,0.0,5.0,0.0,0.0,0.0,40682.0,27306.1,45147.6,
6803,6803,5632,5,weekly issuance,1994-11-15,2,2,5,Female,1980-12-07,16,,,7.0,3870.6285714285705,28194.4,0.0,6.0,0.0,0.0,0.0,43726.3,21372.1,126077.1,
6829,6829,5650,10,issuance after transaction,1995-01-08,1,1,10,Female,1963-12-24,33,,,5.0,7410.639999999999,62671.9,2.0,2.0,0.0,0.0,0.0,56738.7,60822.5,,
6895,6895,5700,42,monthly issuance,1993-07-20,1,3,42,Male,1971-06-24,25,,,19.0,1384.8736842105263,36427.6,0.0,15.0,0.0,0.0,0.0,16127.8,31244.4,41090.8,18421.9
6936,6936,5735,52,monthly issuance,1995-01-25,1,1,52,Female,1959-02-27,37,,,12.0,-8206.025000000001,11574.8,0.0,12.0,0.0,1.0,0.0,-1721.7,51407.6,95959.9,93951.1
6946,6946,5742,74,issuance after transaction,1995-07-05,1,1,74,Female,1970-01-29,26,,,5.0,2079.2999999999993,41243.5,0.0,3.0,0.0,0.0,0.0,59877.2,87840.2,,
6987,6987,5774,1,monthly issuance,1995-06-08,1,1,1,Male,1968-01-29,28,,,5.0,4105.82,50647.1,1.0,1.0,0.0,0.0,0.0,63249.6,55879.7,,
7010,7010,5794,70,monthly issuance,1995-07-14,2,1,70,Male,1967-06-30,29,,,9.0,-4089.1777777777775,15520.2,0.0,7.0,0.0,0.0,0.0,13020.0,17870.7,59530.3,
7127,7127,5891,54,monthly issuance,1993-01-25,1,3,3,Male,1957-09-29,39,,,14.0,2464.3857142857137,67995.4,0.0,10.0,0.0,0.0,0.0,57739.6,51226.9,65359.9,74134.4
7166,7166,5927,15,monthly issuance,1993-11-26,1,3,15,Male,1964-05-13,32,,,6.0,3581.883333333333,21691.3,2.0,2.0,0.0,0.0,0.0,33320.9,30393.6,200.0,
7195,7195,5952,50,monthly issuance,1993-09-07,1,3,50,Male,1962-09-11,34,,,12.0,796.6333333333332,45871.6,8.0,8.0,9.0,0.0,0.0,30363.5,78832.0,66583.3,36312.0
7241,7241,5991,1,monthly issuance,1993-11-21,1,3,57,Female,1957-09-06,39,,,11.0,2965.9363636363637,33525.3,6.0,7.0,0.0,0.0,0.0,28371.1,38265.7,35678.0,
7286,7286,6030,47,monthly issuance,1993-08-24,1,3,47,Female,1970-02-10,26,,,18.0,1851.6166666666666,33729.1,0.0,14.0,0.0,0.0,0.0,40200.9,39669.0,42176.8,43486.8
7291,7291,6034,6,weekly issuance,1993-03-19,1,3,77,Female,1940-12-02,56,,,8.0,7524.237500000001,121570.3,0.0,7.0,0.0,0.0,0.0,12514.7,43350.1,83111.6,
7299,7299,6040,1,monthly issuance,1993-04-22,1,3,1,Male,1938-09-16,58,,,17.0,1522.6117647058825,26984.4,13.0,13.0,13.0,0.0,0.0,33068.0,34013.4,34445.8,43937.1
7311,7311,6051,56,monthly issuance,1993-08-28,1,3,56,Male,1949-05-18,47,,,10.0,1429.6200000000001,19783.2,7.0,6.0,0.0,0.0,0.0,17221.4,18907.3,31913.5,
7390,7390,6118,1,weekly issuance,1994-03-07,1,2,1,Male,1937-11-04,59,,,9.0,944.7555555555559,50996.5,6.0,7.0,0.0,0.0,0.0,82970.4,28184.8,77493.8,
7422,7422,6148,74,monthly issuance,1993-12-27,2,3,74,Male,1958-11-26,38,,,10.0,4083.31,41133.1,5.0,6.0,0.0,0.0,0.0,38585.3,39009.4,46605.1,
7521,7521,6226,74,weekly issuance,1993-07-26,1,3,74,Female,1960-02-09,36,,,16.0,1190.93125,59316.9,0.0,12.0,0.0,0.0,0.0,64634.1,95697.3,37389.4,72389.5
7576,7576,6273,38,monthly issuance,1993-07-21,1,3,38,Male,1962-07-10,34,,,10.0,2887.25,29072.5,0.0,2.0,0.0,0.0,0.0,45175.0,35421.9,24794.8,
7594,7594,6289,64,monthly issuance,1995-04-05,1,1,64,Female,1949-04-07,47,,,16.0,7277.418750000001,117238.7,0.0,10.0,0.0,0.0,0.0,53181.9,59928.4,45906.2,55642.6
7672,7672,6353,26,monthly issuance,1993-11-26,1,3,26,Male,1953-04-05,43,,,14.0,-433.0642857142858,31271.6,10.0,10.0,0.0,0.0,0.0,41482.9,34929.5,56741.7,37414.1
7678,7678,6358,3,monthly issuance,1995-05-27,1,1,3,Male,1962-04-07,34,,,14.0,459.9357142857142,57835.1,10.0,10.0,0.0,0.0,0.0,52876.8,58815.5,60444.9,79075.6
7683,7683,6363,74,monthly issuance,1993-08-01,1,3,12,Male,1946-04-01,50,,,14.0,2529.0714285714284,48027.0,0.0,10.0,0.0,0.0,0.0,49181.9,50704.3,48109.5,38382.8
7723,7723,6397,48,monthly issuance,1995-03-15,2,1,48,Female,1966-06-14,30,,,18.0,2334.777777777778,42526.0,0.0,13.0,0.0,0.0,0.0,45114.9,39769.7,36427.6,41694.8
7727,7727,6400,31,issuance after transaction,1995-10-09,1,1,31,Female,1958-06-13,38,,,3.0,-15751.866666666667,36363.9,0.0,0.0,0.0,0.0,0.0,33952.5,83619.5,,
7753,7753,6425,31,monthly issuance,1993-03-29,1,3,70,Female,1978-09-23,18,,,20.0,1101.25,35093.0,16.0,16.0,0.0,0.0,0.0,41571.6,32392.0,35039.5,28205.2
7765,7765,6434,1,monthly issuance,1995-05-08,1,1,1,Female,1958-02-24,38,,,18.0,2241.472222222222,40746.5,6.0,6.0,0.0,0.0,0.0,29326.1,49315.3,56698.8,24400.0
7814,7814,6472,61,monthly issuance,1994-02-08,1,2,61,Female,1976-01-06,20,,,11.0,-728.554545454546,31349.9,0.0,8.0,0.0,0.0,0.0,63850.0,69918.3,75196.5,
7815,7815,6473,12,monthly issuance,1993-01-26,1,3,4,Female,1946-01-19,50,,,15.0,-412.62666666666723,14888.6,0.0,12.0,0.0,0.0,0.0,67926.7,73791.2,93467.5,74485.3
7914,7914,6555,38,weekly issuance,1993-03-05,1,3,38,Female,1966-10-24,30,,,12.0,303.2166666666665,64221.1,0.0,9.0,0.0,0.0,0.0,91642.3,60562.4,90579.8,60511.0
7980,7980,6609,16,monthly issuance,1995-03-27,1,1,16,Male,1976-08-08,20,,,7.0,19923.685714285708,159712.8,4.0,4.0,0.0,0.0,0.0,71381.3,41180.2,22962.9,
8076,8076,6688,16,monthly issuance,1996-06-25,1,0,16,Female,1950-07-27,46,,,3.0,9892.0,38831.0,0.0,0.0,0.0,0.0,0.0,26007.8,9155.0,,
8091,8091,6701,49,weekly issuance,1993-03-15,1,3,5,Male,1971-02-10,25,,,8.0,-204.8249999999989,27667.0,0.0,6.0,0.0,0.0,0.0,40887.8,68827.8,80987.6,
8105,8105,6715,48,weekly issuance,1993-09-15,1,3,72,Male,1963-03-12,33,,,16.0,1235.425,19966.8,0.0,11.0,0.0,0.0,0.0,31887.7,17311.2,18109.3,52658.4
8130,8130,6738,62,monthly issuance,1994-07-28,1,2,62,Female,1976-05-08,20,,,14.0,1882.8214285714287,46113.5,0.0,10.0,0.0,0.0,0.0,61556.0,65875.4,45201.6,49470.0
8359,8359,6924,74,monthly issuance,1994-06-01,1,2,74,Male,1979-12-06,17,,,18.0,-323.8333333333333,31007.0,14.0,14.0,0.0,0.0,0.0,33717.6,27728.2,26292.2,27261.1
8366,8366,6930,41,monthly issuance,1993-09-08,1,3,41,Female,1960-05-21,36,,,8.0,5575.737499999999,69398.9,0.0,4.0,0.0,0.0,0.0,46044.9,42600.6,63514.0,
8432,8432,6985,38,monthly issuance,1995-07-27,2,1,38,Female,1968-01-06,28,,,11.0,2180.945454545456,37396.4,7.0,7.0,0.0,0.0,0.0,43393.8,71901.1,56814.3,
8598,8598,7123,64,issuance after transaction,1993-04-14,1,3,46,Female,1957-12-31,39,,,7.0,4648.6285714285705,58773.2,4.0,4.0,0.0,0.0,0.0,101285.4,62474.5,23941.9,
8610,8610,7133,1,monthly issuance,1993-09-17,2,3,55,Female,1948-05-02,48,,,13.0,1755.7384615384615,23124.6,9.0,9.0,9.0,0.0,0.0,25390.2,25016.2,19301.8,16747.0
8615,8615,7136,12,weekly issuance,1995-04-09,1,1,12,Female,1939-04-13,57,,,17.0,1485.764705882353,25658.0,11.0,11.0,11.0,0.0,0.0,49076.4,31037.9,31315.7,29100.0
8670,8670,7184,5,monthly issuance,1995-06-19,1,1,5,Female,1943-01-07,53,,,13.0,1309.0923076923075,40509.2,9.0,9.0,9.0,0.0,0.0,41625.0,35379.7,19741.2,22129.6
8677,8677,7190,49,monthly issuance,1993-09-06,2,3,49,Male,1955-08-14,41,,,21.0,1187.3809523809523,25635.0,16.0,16.0,0.0,0.0,0.0,26978.4,27658.6,26779.9,29871.4
8865,9173,7401,1,monthly issuance,1993-02-26,2,3,1,Male,1945-02-04,51,,,10.0,2766.37,28763.7,5.0,6.0,0.0,0.0,0.0,33136.2,21179.1,45289.5,
8888,9196,7418,21,monthly issuance,1995-04-07,1,1,21,Female,1939-04-23,57,,,12.0,732.608333333333,24930.3,8.0,8.0,0.0,0.0,0.0,42007.0,32809.7,37871.0,16139.0
8918,9226,7445,64,monthly issuance,1993-03-18,1,3,64,Female,1939-12-25,57,,,11.0,-1303.5999999999992,12414.4,0.0,10.0,0.0,0.0,0.0,24133.7,87037.8,69576.5,
8928,9236,7454,4,monthly issuance,1993-04-19,1,3,31,Female,1956-05-07,40,,,12.0,1990.625,28553.5,8.0,8.0,0.0,0.0,0.0,25369.1,15746.5,21186.8,4666.0
8965,9273,7485,39,monthly issuance,1993-07-28,2,3,39,Female,1955-08-26,41,,,7.0,1316.6142857142852,32715.3,3.0,3.0,0.0,0.0,0.0,14892.9,42538.9,46614.0,
9008,9316,7523,63,monthly issuance,1994-08-29,1,2,63,Female,1958-10-26,38,,,4.0,12060.15,48840.6,0.0,0.0,0.0,0.0,0.0,40847.1,23149.0,,
9038,9346,7546,43,monthly issuance,1994-09-03,1,2,43,Male,1972-12-10,24,,,14.0,1727.6714285714286,24687.4,10.0,10.0,10.0,0.0,0.0,35510.6,34828.6,28589.4,44321.6
9058,9366,7562,72,weekly issuance,1995-01-17,1,1,72,Male,1975-06-26,21,,,11.0,3189.8272727272724,35488.1,0.0,6.0,0.0,0.0,0.0,50492.9,47879.8,50863.1,
9109,9417,7606,21,monthly issuance,1995-03-15,1,1,21,Male,1949-03-08,47,,,9.0,8680.111111111111,78521.0,8.0,8.0,0.0,0.0,0.0,38396.4,33437.4,40631.2,
9110,9418,7607,1,monthly issuance,1993-09-05,2,3,1,Male,1950-04-10,46,,,18.0,964.3166666666665,32802.7,14.0,14.0,0.0,0.0,0.0,30225.2,38531.0,33052.9,42978.7
9119,9427,7614,62,monthly issuance,1995-02-08,2,1,62,Female,1970-11-09,26,classic,1996-02-21,15.0,4576.573333333334,69148.6,0.0,10.0,0.0,0.0,0.0,89013.1,79838.1,79395.7,88690.0
9285,9593,7753,74,monthly issuance,1993-02-08,1,3,74,Female,1968-01-28,28,classic,1993-11-07,12.0,-765.2833333333328,38202.2,0.0,11.0,0.0,0.0,0.0,22708.9,28812.0,56780.2,47385.6
9298,9606,7765,52,weekly issuance,1994-07-10,1,2,52,Male,1949-02-16,47,,,17.0,1051.7941176470588,18380.5,10.0,9.0,0.0,0.0,0.0,22421.7,12404.2,10100.9,28472.9
9303,9611,7769,23,monthly issuance,1993-10-03,1,3,23,Male,1958-05-27,38,,,7.0,6629.199999999998,86857.4,0.0,5.0,0.0,0.0,0.0,32134.1,25004.2,80765.8,
9333,9641,7795,64,monthly issuance,1995-01-05,2,1,64,Male,1945-01-26,51,,,21.0,1759.7809523809524,46580.5,0.0,20.0,0.0,0.0,0.0,60684.5,122824.9,122466.1,49255.7
9355,9663,7815,19,weekly issuance,1995-04-09,2,1,19,Male,1945-09-24,51,,,8.0,-4590.5999999999985,88662.1,8.0,8.0,8.0,0.0,0.0,75509.2,56549.4,47886.4,
9362,9670,7819,38,monthly issuance,1993-08-01,1,3,38,Male,1948-05-04,48,,,18.0,965.9499999999999,17887.1,13.0,14.0,13.0,0.0,0.0,24502.2,23842.8,22620.7,19152.4
9367,9675,7824,60,monthly issuance,1994-05-17,1,2,60,Female,1970-02-19,26,,,3.0,7300.0,22500.0,0.0,0.0,0.0,0.0,0.0,19000.0,600.0,,
9394,9702,7844,1,monthly issuance,1993-11-26,1,3,33,Female,1951-11-16,45,,,6.0,156.15000000000023,49842.9,0.0,2.0,0.0,0.0,0.0,48526.3,81495.4,48906.0,
9407,9715,7857,75,monthly issuance,1993-08-04,1,3,35,Female,1977-11-30,19,,,17.0,59.24117647058815,39416.1,13.0,13.0,14.0,0.0,0.0,57755.5,51890.3,43776.7,50946.4
9409,9717,7859,52,monthly issuance,1995-03-14,2,1,52,Female,1952-11-10,44,,,20.0,4881.585,98631.7,0.0,15.0,0.0,0.0,0.0,90658.8,86587.0,98160.2,92531.2
9413,9721,7861,34,monthly issuance,1995-04-22,1,1,34,Male,1954-12-05,42,,,5.0,8439.880000000001,42899.4,0.0,1.0,1.0,0.0,0.0,42372.2,36563.4,,
9490,9798,7926,69,weekly issuance,1996-06-09,1,0,69,Female,1950-03-02,46,,,3.0,16550.633333333335,63952.9,0.0,1.0,0.0,0.0,0.0,67449.9,14301.0,,
9536,9844,7965,55,monthly issuance,1993-11-08,2,3,55,Male,1945-08-03,51,,,10.0,5282.2,53022.0,4.0,4.0,0.0,0.0,0.0,40047.3,72626.2,50617.1,
9607,9915,8027,44,weekly issuance,1993-07-07,1,3,27,Male,1967-07-10,29,,,10.0,3012.5800000000004,30825.8,0.0,6.0,0.0,0.0,0.0,88710.3,57848.7,91562.5,
9622,9930,8039,9,monthly issuance,1995-12-17,1,1,9,Male,1972-06-23,24,,,10.0,-143.8199999999997,26235.8,5.0,4.0,5.0,0.0,0.0,21599.5,64480.7,95763.4,
9625,9933,8041,1,monthly issuance,1993-10-10,1,3,74,Male,1941-10-15,55,,,12.0,-1333.2583333333332,28271.8,0.0,5.0,0.0,0.0,0.0,26682.0,36641.6,52327.7,44270.9
9637,9945,8051,1,weekly issuance,1993-02-07,2,3,31,Female,1968-04-14,28,,,15.0,1198.2066666666665,44213.1,0.0,11.0,0.0,0.0,0.0,56730.2,43830.7,33535.8,43745.0
9665,9973,8073,24,issuance after transaction,1993-09-03,1,3,24,Female,1945-10-03,51,,,5.0,-11650.279999999999,15673.6,5.0,5.0,0.0,0.0,0.0,33906.2,73100.1,,
9687,9995,8092,54,monthly issuance,1995-01-11,1,1,54,Male,1958-07-07,38,,,13.0,1108.246153846154,15407.2,9.0,8.0,0.0,0.0,0.0,14988.6,10747.3,19246.2,15424.0
9732,10040,8127,37,monthly issuance,1994-10-13,2,2,37,Female,1968-10-30,28,,,21.0,2074.504761904762,44564.6,16.0,16.0,0.0,0.0,0.0,86950.5,39011.0,49780.7,68746.7
9735,10043,8129,45,monthly issuance,1993-06-26,1,3,45,Male,1965-10-29,31,,,12.0,994.308333333333,33243.7,8.0,8.0,0.0,0.0,0.0,56071.9,47789.7,57386.6,21312.0
9768,10076,8159,26,monthly issuance,1995-02-08,2,1,26,Female,1969-12-25,27,,,3.0,8742.1,37920.3,0.0,0.0,0.0,0.0,0.0,39950.3,11694.0,,
9787,10095,8173,11,monthly issuance,1993-07-05,2,3,1,Female,1976-02-06,20,,,10.0,8824.26,89342.6,0.0,5.0,0.0,0.0,0.0,46734.8,23455.0,100051.1,
9890,10198,8260,31,monthly issuance,1993-03-24,2,3,31,Male,1976-05-24,20,,,16.0,165.7750000000001,40287.4,0.0,12.0,0.0,0.0,0.0,53009.1,82583.0,85393.1,87939.9
9892,10200,8261,13,monthly issuance,1993-05-12,2,3,13,Female,1980-02-16,16,,,3.0,7112.5,43847.8,0.0,0.0,0.0,0.0,0.0,64813.3,22510.3,,
9961,10269,8316,70,monthly issuance,1994-06-04,1,2,70,Female,1940-05-11,56,,,9.0,362.7444444444449,16218.7,0.0,6.0,0.0,0.0,0.0,21196.1,48914.2,51510.4,
9967,10275,8321,77,monthly issuance,1993-04-12,2,3,77,Female,1970-01-25,26,,,12.0,1490.9750000000001,29305.8,8.0,9.0,0.0,0.0,0.0,24788.8,23245.9,35537.0,11414.1
9974,10282,8327,1,weekly issuance,1995-08-08,1,1,1,Male,1979-06-19,17,,,7.0,7478.814285714286,52551.7,3.0,3.0,0.0,0.0,0.0,46371.1,38591.1,37366.7,
9979,10287,8330,48,monthly issuance,1993-03-28,2,3,48,Female,1962-09-03,34,,,11.0,1330.4636363636362,36353.1,8.0,7.0,0.0,0.0,0.0,50240.9,69161.1,58877.7,
10042,10350,8377,29,monthly issuance,1993-11-20,2,3,29,Female,1961-09-14,35,,,18.0,4467.833333333333,80621.0,4.0,4.0,0.0,0.0,0.0,78864.3,55640.8,29874.5,27300.0
10074,10382,8405,20,monthly issuance,1994-05-10,1,2,20,Female,1965-02-17,31,,,17.0,2191.741176470588,38159.6,13.0,12.0,13.0,0.0,0.0,45475.0,26593.2,24178.6,38695.4
10081,10389,8411,20,monthly issuance,1994-12-02,1,2,20,Female,1943-08-15,53,,,17.0,1484.270588235294,26332.6,12.0,13.0,0.0,0.0,0.0,29066.4,26640.9,26837.5,66960.9
10151,10459,8475,4,monthly issuance,1993-09-08,1,3,17,Female,1964-08-09,32,,,3.0,8625.0,33467.0,0.0,0.0,0.0,0.0,0.0,32481.3,7592.0,,
10167,10475,8489,19,monthly issuance,1993-09-18,2,3,51,Female,1948-08-28,48,,,20.0,849.1900000000002,35289.8,17.0,16.0,0.0,0.0,0.0,41711.9,33354.8,57358.3,50081.8
10171,10479,8492,2,monthly issuance,1994-06-29,1,2,2,Female,1955-10-20,41,,,14.0,2730.0142857142855,39220.2,9.0,10.0,0.0,0.0,0.0,36876.6,32023.7,27477.3,25896.5
10202,10510,8519,23,monthly issuance,1993-04-02,2,3,23,Female,1945-01-26,51,,,16.0,-594.5437500000003,28933.3,12.0,12.0,0.0,0.0,0.0,36569.8,15974.1,18808.7,104902.4
10220,10528,8533,47,monthly issuance,1995-10-10,1,1,47,Female,1952-02-16,44,,,11.0,4867.309090909091,54140.4,0.0,6.0,0.0,0.0,0.0,56724.3,51546.5,75709.6,
10235,10543,8547,14,weekly issuance,1995-07-17,1,1,14,Female,1945-02-23,51,,,10.0,11363.16,113931.6,0.0,8.0,0.0,0.0,0.0,69590.6,70489.2,37755.6,
10247,10555,8558,1,issuance after transaction,1994-02-27,1,2,1,Male,1935-12-15,61,,,3.0,14171.066666666666,43313.2,0.0,0.0,0.0,0.0,0.0,31366.7,800.0,,
10255,10563,8564,68,monthly issuance,1993-09-12,2,3,68,Male,1949-01-07,47,,,18.0,1455.0666666666666,27191.2,13.0,13.0,0.0,0.0,0.0,36940.5,47727.3,41063.4,94615.6
10258,10566,8566,74,monthly issuance,1993-10-08,1,3,74,Female,1942-11-09,54,,,11.0,493.22727272727275,6325.5,9.0,10.0,0.0,3.0,0.0,7633.1,11440.6,-2656.7,
10328,10636,8625,64,monthly issuance,1993-11-10,1,3,64,Male,1971-08-03,25,,,16.0,815.0250000000001,62458.3,14.0,15.0,0.0,0.0,0.0,87026.9,47089.0,91901.5,52827.7
10394,10702,8680,17,monthly issuance,1996-02-12,2,0,17,Male,1938-05-03,58,,,4.0,5357.475,36516.9,0.0,0.0,0.0,0.0,0.0,31352.7,36081.8,,
10510,10818,8776,64,monthly issuance,1994-08-24,1,2,64,Male,1972-08-04,24,,,11.0,2763.7636363636366,44465.4,0.0,7.0,0.0,0.0,0.0,50798.2,54277.5,43090.9,
10655,10963,8899,1,weekly issuance,1994-09-05,1,2,1,Male,1944-06-15,52,,,15.0,1233.8,19007.0,13.0,13.0,0.0,0.0,0.0,62078.7,53502.4,36485.5,47770.4
10742,11050,8972,70,monthly issuance,1996-05-21,1,0,70,Female,1957-05-04,39,,,6.0,991.3000000000005,38384.3,3.0,2.0,0.0,0.0,0.0,50549.6,60093.3,32436.5,
10755,11063,8982,64,monthly issuance,1993-09-25,2,3,64,Female,1955-11-04,41,,,12.0,1610.216666666666,53716.6,0.0,11.0,0.0,0.0,0.0,41837.4,19205.9,20542.7,1100.0
10785,11093,9006,40,weekly issuance,1994-09-02,1,2,40,Male,1959-01-29,37,,,21.0,-2139.82380952381,20960.7,19.0,20.0,0.0,0.0,0.0,27252.6,25839.6,38648.9,87526.1
10797,11105,9017,70,monthly issuance,1995-11-22,1,1,70,Female,1957-02-01,39,,,3.0,3965.033333333333,31387.1,0.0,0.0,0.0,0.0,0.0,40269.2,19492.0,,
10806,11114,9024,1,monthly issuance,1996-01-05,1,0,1,Male,1952-07-26,44,,,8.0,870.0874999999996,22476.1,4.0,5.0,0.0,0.0,0.0,28608.4,27926.9,48197.6,
10813,11121,9030,72,monthly issuance,1995-01-21,2,1,72,Female,1971-04-10,25,,,22.0,1950.0954545454545,60694.1,18.0,18.0,0.0,0.0,0.0,60244.2,52081.3,70674.2,61170.1
10818,11126,9034,1,monthly issuance,1993-06-28,1,3,1,Female,1965-01-22,31,,,5.0,6827.360000000001,56840.8,1.0,1.0,2.0,0.0,0.0,40520.6,55461.2,,
10887,11195,9093,47,monthly issuance,1993-06-16,1,3,58,Male,1953-12-05,43,,,13.0,1820.8769230769233,24471.4,9.0,9.0,0.0,0.0,0.0,12986.3,31918.8,19388.3,21742.0
10900,11208,9104,10,monthly issuance,1994-01-21,1,2,10,Female,1957-03-05,39,,,6.0,4907.783333333334,58224.0,0.0,4.0,0.0,0.0,0.0,66715.1,59179.7,28777.3,
11006,11314,9188,45,monthly issuance,1993-02-08,1,3,45,Male,1936-06-02,60,,,5.0,3894.56,20272.8,1.0,0.0,1.0,0.0,0.0,34790.4,27619.5,,
11019,11327,9199,72,monthly issuance,1996-05-15,1,0,72,Male,1947-10-21,49,,,3.0,6966.866666666666,43790.6,0.0,0.0,0.0,0.0,0.0,42775.3,22890.0,,
11064,11372,9236,11,monthly issuance,1993-08-18,1,3,11,Male,1961-09-28,35,,,3.0,8182.366666666666,37253.1,0.0,0.0,0.0,0.0,0.0,38317.7,12706.0,,
11101,11409,9265,1,monthly issuance,1993-02-04,1,3,32,Female,1980-05-02,16,,,17.0,1388.3,23901.1,12.0,12.0,0.0,0.0,0.0,51282.0,48600.6,9452.8,35721.1
11153,11461,9307,68,monthly issuance,1993-01-24,1,3,70,Male,1974-07-08,22,,,19.0,1737.9947368421049,39204.7,15.0,15.0,0.0,0.0,0.0,75488.7,14573.4,24366.2,14177.4
11189,11497,9337,30,monthly issuance,1993-09-13,1,3,11,Female,1959-07-17,37,,,8.0,2438.25,58659.8,0.0,5.0,0.0,6.0,0.0,18958.9,33010.4,57970.3,
11266,11574,9403,1,weekly issuance,1993-03-27,1,3,1,Female,1944-04-20,52,,,16.0,3213.4000000000005,52014.4,12.0,13.0,0.0,0.0,0.0,30863.4,26604.5,37626.7,55587.8
11288,11596,9422,70,monthly issuance,1996-03-06,1,0,70,Female,1940-12-04,56,,,7.0,-48.92857142857143,43157.5,3.0,3.0,0.0,0.0,0.0,60490.5,98394.5,75150.2,
11354,11662,9472,1,weekly issuance,1993-07-06,1,3,76,Male,1972-04-03,24,,,22.0,-1343.3818181818185,45480.6,19.0,19.0,0.0,0.0,0.0,34812.0,26081.3,46023.1,58112.9
11377,11685,9493,64,monthly issuance,1995-04-02,1,1,64,Female,1965-07-23,31,,,5.0,4635.9400000000005,23579.7,1.0,1.0,0.0,0.0,0.0,44631.5,35610.7,,
11401,11709,9510,1,monthly issuance,1996-06-09,2,0,1,Male,1961-08-03,35,,,5.0,6183.9800000000005,53707.9,0.0,1.0,0.0,0.0,0.0,60236.6,47513.9,,
11446,11754,9548,62,monthly issuance,1996-06-07,1,0,62,Male,1966-11-03,30,,,5.0,7545.0199999999995,38725.1,1.0,0.0,0.0,0.0,0.0,54705.1,29482.5,,
11486,11794,9583,31,weekly issuance,1994-05-22,2,2,31,Female,1970-10-07,26,,,18.0,1656.405555555556,30115.3,11.0,11.0,0.0,0.0,0.0,81840.7,52255.7,44577.8,49788.8
11496,11804,9591,74,monthly issuance,1993-05-20,1,3,74,Male,1944-12-12,52,,,22.0,-2319.6727272727276,21801.2,22.0,22.0,0.0,0.0,0.0,35261.5,71604.9,40269.8,86328.7
11543,11851,9627,65,issuance after transaction,1994-07-22,1,2,65,Male,1970-04-02,26,,,16.0,5374.63125,86194.1,0.0,15.0,0.0,0.0,0.0,62460.9,66781.9,49418.1,52473.1
11558,11866,9640,1,monthly issuance,1993-03-13,2,3,1,Male,1937-09-02,59,,,22.0,-361.0499999999996,12262.9,18.0,18.0,0.0,0.0,0.0,10398.7,9255.0,41374.3,22365.7
11565,11873,9645,38,monthly issuance,1996-01-23,1,0,38,Female,1963-11-20,33,,,4.0,13123.15,53592.6,0.0,0.0,0.0,0.0,0.0,48902.3,30415.9,,
11578,11886,9656,61,monthly issuance,1993-11-14,1,3,61,Female,1941-09-13,55,,,18.0,1047.2611111111107,36472.9,17.0,17.0,0.0,0.0,0.0,109258.9,93641.4,93202.7,10372.2
11670,11978,9731,54,issuance after transaction,1994-12-01,2,2,54,Male,1971-10-09,25,,,11.0,464.3636363636364,34054.0,8.0,7.0,0.0,0.0,0.0,37510.8,35373.4,40812.3,
11695,12003,9750,74,monthly issuance,1994-05-16,1,2,74,Male,1976-06-23,20,,,8.0,3186.0875000000015,26488.7,0.0,5.0,0.0,5.0,0.0,1324.4,63725.9,82784.6,
11742,12050,9790,52,monthly issuance,1995-11-09,2,1,52,Male,1943-05-30,53,classic,1996-05-31,8.0,4316.1875,34729.5,8.0,7.0,8.0,0.0,0.0,30344.1,34650.9,19231.8,
11771,12079,9814,64,weekly issuance,1995-01-19,1,1,64,Female,1972-08-12,24,,,20.0,150.4649999999994,3609.3,0.0,16.0,0.0,0.0,0.0,23184.8,44952.8,28678.9,41738.5
11787,12095,9828,11,monthly issuance,1993-05-20,1,3,47,Male,1939-02-27,57,,,22.0,38.57272727272721,48720.6,0.0,18.0,0.0,0.0,0.0,60182.7,57330.0,68046.5,61759.4
11794,12102,9833,20,monthly issuance,1993-07-24,1,3,21,Female,1968-09-07,28,,,9.0,-953.9888888888898,41330.1,6.0,5.0,0.0,0.0,0.0,36694.6,51813.5,65832.0,
11836,12144,9869,12,monthly issuance,1993-08-21,2,3,2,Male,1980-11-23,16,,,18.0,1383.7833333333335,47992.1,14.0,14.0,0.0,0.0,0.0,34732.7,54490.0,41564.0,49334.0
11873,12181,9897,1,monthly issuance,1995-03-04,1,1,1,Male,1961-08-19,35,,,6.0,1792.8499999999997,29138.1,2.0,2.0,3.0,0.0,0.0,29629.2,63482.1,18381.0,
11912,12220,9928,60,monthly issuance,1995-11-09,2,1,60,Female,1971-11-12,25,,,8.0,3771.0499999999997,42242.2,5.0,5.0,0.0,0.0,0.0,49806.9,42842.4,42507.8,
11995,12303,10001,24,monthly issuance,1995-05-28,1,1,24,Female,1974-04-05,22,,,13.0,1957.0461538461536,50167.6,0.0,9.0,0.0,0.0,0.0,38430.9,56473.1,56832.8,41624.2
12017,12325,10019,8,monthly issuance,1995-06-15,1,1,8,Male,1964-10-30,32,,,15.0,557.4866666666671,34212.3,0.0,12.0,0.0,0.0,0.0,24904.5,30584.0,14285.8,51972.6
12088,12396,10079,62,monthly issuance,1993-05-06,2,3,62,Female,1970-01-17,26,,,10.0,41.77999999999956,39310.2,0.0,10.0,0.0,0.0,0.0,76356.6,65543.8,93535.1,
12108,12416,10093,1,weekly issuance,1994-07-01,2,2,1,Male,1973-05-30,23,,,15.0,-86.82000000000019,39874.7,11.0,11.0,12.0,0.0,0.0,57438.2,52487.7,49885.9,96380.6
12124,12432,10105,55,monthly issuance,1993-04-28,1,3,55,Male,1965-03-07,31,,,15.0,154.21333333333314,41917.2,0.0,9.0,0.0,0.0,0.0,77424.4,80207.6,75348.7,30508.0
12156,12464,10131,1,monthly issuance,1993-11-27,1,3,39,Male,1959-12-17,37,,,5.0,5932.5599999999995,30662.8,0.0,0.0,0.0,0.0,0.0,33445.6,31204.6,,
12317,12625,10266,54,monthly issuance,1993-06-10,1,3,54,Male,1958-12-07,38,,,6.0,1945.3000000000004,41954.8,1.0,0.0,0.0,0.0,0.0,41755.6,35990.4,30283.0,
12354,12662,10297,14,monthly issuance,1996-01-19,1,0,14,Male,1953-06-01,43,,,9.0,1060.111111111111,31168.0,6.0,5.0,0.0,0.0,0.0,35615.0,33925.9,59725.9,
12387,12695,10320,68,monthly issuance,1993-07-11,1,3,68,Male,1979-03-16,17,,,5.0,13283.9,67219.5,1.0,0.0,0.0,0.0,0.0,61512.4,39821.3,,
12446,12754,10364,55,monthly issuance,1993-01-17,2,3,55,Male,1960-08-20,36,,,9.0,3721.1444444444446,49083.3,5.0,5.0,0.0,0.0,0.0,46512.7,45116.8,48442.4,
12502,12810,10411,39,issuance after transaction,1995-11-23,1,1,39,Male,1964-10-14,32,gold,1996-07-03,12.0,-4871.241666666666,8357.1,6.0,6.0,6.0,0.0,0.0,7273.5,4686.3,32507.6,46700.0
12532,12840,10436,60,monthly issuance,1996-03-21,1,0,60,Male,1939-07-27,57,,,6.0,5901.466666666667,36208.8,0.0,1.0,0.0,0.0,0.0,34983.7,30149.0,800.0,
12535,12843,10439,66,monthly issuance,1993-11-21,1,3,66,Male,1953-05-05,43,,,6.0,3503.8666666666663,21323.2,1.0,2.0,0.0,0.0,0.0,46306.4,59086.1,300.0,
12536,12844,10440,72,monthly issuance,1993-09-13,1,3,45,Male,1946-10-15,50,,,21.0,433.9333333333333,16878.6,17.0,17.0,0.0,0.0,0.0,21493.3,22919.2,17033.9,27090.2
12551,12859,10451,1,monthly issuance,1993-08-29,1,3,1,Female,1976-05-21,20,,,15.0,233.49333333333342,18439.4,11.0,11.0,11.0,0.0,0.0,28842.6,18893.9,30212.0,57707.2
12635,12943,10520,55,issuance after transaction,1995-10-24,1,1,55,Male,1970-10-12,26,gold,1996-07-17,13.0,2097.430769230769,58638.6,0.0,1.0,0.0,0.0,0.0,27869.7,32546.2,31260.9,47082.0
12763,13071,10630,41,monthly issuance,1995-01-15,1,1,41,Male,1956-02-18,40,,,4.0,7843.549999999999,44644.2,1.0,0.0,0.0,0.0,0.0,45357.5,32283.0,,
12805,13113,10663,11,monthly issuance,1993-12-08,1,3,11,Male,1976-11-25,20,,,22.0,3165.95,69850.9,18.0,17.0,0.0,0.0,0.0,75950.2,75522.9,47140.7,58655.9
12882,13190,10728,71,monthly issuance,1994-12-23,1,2,71,Male,1956-11-28,40,,,14.0,1203.6785714285713,37180.5,10.0,10.0,0.0,0.0,0.0,34416.7,34287.4,39511.2,51617.0
12893,13201,10738,45,weekly issuance,1993-04-17,1,3,31,Male,1937-05-17,59,,,20.0,473.475,9669.5,16.0,16.0,0.0,0.0,0.0,60705.4,11306.1,12992.6,25220.3
12923,13231,10762,1,monthly issuance,1995-10-23,1,1,1,Male,1959-07-01,37,,,10.0,3193.87,51540.7,6.0,6.0,0.0,0.0,0.0,44428.2,57532.2,61939.6,
12952,13260,10788,67,weekly issuance,1993-11-22,1,3,72,Female,1977-05-27,19,,,8.0,4920.5625,54427.5,0.0,0.0,0.0,0.0,0.0,30481.3,33067.7,23307.2,
13072,13380,10884,65,monthly issuance,1995-02-20,1,1,65,Male,1942-09-18,54,,,11.0,-567.0181818181816,13386.8,7.0,7.0,0.0,0.0,0.0,19703.2,33097.9,37900.0,
13104,13412,10911,1,weekly issuance,1993-05-29,1,3,1,Male,1954-03-20,42,,,13.0,-189.36153846153823,31361.3,10.0,9.0,0.0,0.0,0.0,21216.6,37802.6,24212.6,50917.1
13139,13447,10940,50,monthly issuance,1993-09-13,2,3,13,Female,1970-05-05,26,,,5.0,8598.9,43294.5,0.0,0.0,0.0,0.0,0.0,48846.4,38056.3,,
13143,13451,10942,44,weekly issuance,1994-06-05,1,2,44,Female,1955-11-18,41,,,16.0,3124.1875,50487.0,12.0,13.0,0.0,0.0,0.0,78319.6,50301.4,43677.8,57466.8
13172,13480,10963,16,monthly issuance,1995-05-20,1,1,16,Male,1953-06-01,43,,,19.0,-297.15263157894896,41878.1,0.0,17.0,0.0,0.0,0.0,35876.5,111043.8,66009.2,41772.6
13182,13490,10973,18,weekly issuance,1993-04-20,1,3,18,Female,1969-05-25,27,,,5.0,3673.62,53402.7,0.0,4.0,0.0,0.0,0.0,36693.5,68993.5,,
13231,13539,11013,1,weekly issuance,1993-02-14,1,3,63,Male,1978-09-07,18,,,6.0,6752.150000000001,41112.9,1.0,2.0,0.0,0.0,0.0,42171.1,59527.1,600.0,
13240,13548,11021,1,monthly issuance,1993-08-10,1,3,1,Male,1976-03-18,20,,,18.0,-2571.8388888888885,24304.3,0.0,18.0,0.0,2.0,0.0,7506.0,97986.5,38279.2,71269.7
13268,13576,11042,72,monthly issuance,1995-01-29,1,1,72,Male,1974-07-07,22,classic,1995-11-22,10.0,4187.93,42279.3,6.0,6.0,0.0,0.0,0.0,35225.6,37950.2,55488.3,
13282,13590,11054,59,weekly issuance,1996-02-01,1,0,59,Male,1977-08-03,19,,,6.0,-2.233333333332363,15278.6,3.0,2.0,0.0,0.0,0.0,10145.2,52338.7,15292.0,
13295,13603,11065,11,monthly issuance,1993-03-19,1,3,46,Male,1941-07-28,55,,,14.0,1836.4285714285713,38665.0,0.0,10.0,0.0,0.0,0.0,44745.5,38281.2,48063.9,43918.5
13349,13657,11111,1,monthly issuance,1993-05-20,2,3,59,Female,1963-05-12,33,,,8.0,2627.6625000000004,21921.3,6.0,6.0,0.0,0.0,0.0,31411.1,64895.7,47363.4,
13379,13687,11135,75,monthly issuance,1993-10-10,1,3,75,Male,1959-05-23,37,,,4.0,11290.225,45660.9,0.0,0.0,0.0,0.0,0.0,39646.0,21969.0,,
13382,13690,11138,70,weekly issuance,1995-08-18,1,1,70,Male,1963-05-16,33,,,4.0,1518.5750000000007,39079.5,0.0,2.0,0.0,0.0,0.0,61404.2,70081.4,,
13442,13750,11186,12,monthly issuance,1994-11-24,2,2,12,Female,1980-11-13,16,,,22.0,-296.5863636363637,53245.1,18.0,18.0,0.0,0.0,0.0,45123.6,58022.4,32393.5,49870.7
13537,13845,11265,15,monthly issuance,1993-01-14,1,3,15,Male,1973-02-16,23,,,7.0,1773.0,21029.0,4.0,3.0,0.0,0.0,0.0,22777.4,20436.1,26079.8,
13647,13955,11349,1,weekly issuance,1995-05-26,2,1,1,Female,1945-10-30,51,,,4.0,-9619.400000000001,24704.4,1.0,0.0,0.0,0.0,0.0,104039.9,88809.0,,
13660,13968,11359,61,monthly issuance,1994-10-01,1,2,61,Male,1968-04-13,28,classic,1995-06-13,22.0,1121.9363636363635,25682.6,17.0,18.0,0.0,0.0,0.0,31308.5,33737.7,18087.9,35982.2
13663,13971,11362,67,monthly issuance,1995-10-14,1,1,67,Female,1962-10-19,34,,,14.0,1657.107142857143,24199.5,10.0,9.0,10.0,0.0,0.0,26742.8,20419.9,37530.6,44303.1
